 ,客房數,客房住用數,住用率,平均房價,房租收入,餐飲收入,總營業收入,客房部,餐飲部,管理部,其他部門,員工合計,,,,,,
列印日期：,,2016/5/2,,資料期間：,,2016年1月至2016年3月(Data for 2016/1∼2016/3),,,,,,,,,,,,
,,住用及營收概況,,,,,,各部門職工概況(No. of Employees),,,,,,,,,,
地區名稱,,客房住用數,住用率,平均房價,房租收入,餐飲收入,總營業收入,客房部,餐飲部,管理部,其他部門,員工合計,,,,,,
Region,,No. of Rooms Occupied,Occupancy Rate,Average Room Rate,Room Revenue,F & B Revenue,Total Revenue,Room Dep.,F&B Dep.,Adm. Dep.,Other Dep.,Total,,,,,,
臺北地區 Taipei,國際Internation,"587,321",72.60%,"4,844","2,844,973,879","3,504,681,153","7,199,658,010","9,235","16,005","5,446","2,402","33,088",,,,,,
臺北地區 Taipei,一般Standard,"170,098",79.75%,"3,922","667,176,614","669,032,226","1,534,371,394","2,300","2,947","1,131",856,"7,234",,,,,,
臺北地區 Taipei,小計SubTotal,"757,419",74.09%,"4,637","3,512,150,493","4,173,713,379","8,734,029,404","11,535","18,952","6,577","3,258","40,322",,,,,,
高雄地區 Kaohsiung,國際Internation,"185,546",70.58%,"2,596","481,658,595","725,928,853","1,339,107,605","2,538","3,850","1,032","1,057","8,477",,,,,,
高雄地區 Kaohsiung,一般Standard,"11,858",52.12%,"2,308","27,365,636","16,110,848","43,925,375",124,124,16,21,285,,,,,,
高雄地區 Kaohsiung,小計SubTotal,"197,404",69.11%,"2,579","509,024,231","742,039,701","1,383,032,980","2,662","3,974","1,048","1,078","8,762",,,,,,
臺中地區 Taichung,國際Internation,"62,447",60.35%,"2,742","171,207,950","288,556,879","541,897,813","1,171","1,874",615,394,"4,054",,,,,,
臺中地區 Taichung,一般Standard,"22,620",71.22%,"2,540","57,455,662","96,788,347","170,307,616",280,619,117,118,"1,134",,,,,,
臺中地區 Taichung,小計SubTotal,"85,067",62.91%,"2,688","228,663,612","385,345,226","712,205,429","1,451","2,493",732,512,"5,188",,,,,,
花蓮地區 Hualien,國際Internation,"66,491",53.80%,"2,534","168,466,220","137,267,708","325,668,664",846,"1,128",321,477,"2,772",,,,,,
花蓮地區 Hualien,小計SubTotal,"66,491",53.80%,"2,534","168,466,220","137,267,708","325,668,664",846,"1,128",321,477,"2,772",,,,,,
風景區 Scenic Area,國際Internation,"120,555",68.32%,"5,614","676,749,865","346,722,984","1,121,882,539","1,992","2,246","1,004","1,523","6,765",,,,,,
風景區 Scenic Area,一般Standard,"21,018",39.25%,"4,066","85,460,315","44,184,055","135,928,801",365,375,185,187,"1,112",,,,,,
風景區 Scenic Area,小計SubTotal,"141,573",61.56%,"5,384","762,210,180","390,907,039","1,257,811,340","2,357","2,621","1,189","1,710","7,877",,,,,,
桃竹苗地區 TauHsiuMiao,國際Internation,"145,434",81.54%,"2,834","412,093,581","413,491,062","933,089,375","1,512","2,465",726,556,"5,259",,,,,,
桃竹苗地區 TauHsiuMiao,一般Standard,"76,499",60.22%,"2,565","196,224,938","197,637,544","415,361,183",810,"1,230",255,333,"2,628",,,,,,
桃竹苗地區 TauHsiuMiao,小計SubTotal,"221,933",72.67%,"2,741","608,318,519","611,128,606","1,348,450,558","2,322","3,695",981,889,"7,887",,,,,,
其他地區 Other,國際Internation,"155,653",54.63%,"4,277","665,734,246","700,603,460","1,564,296,985","2,678","4,374","1,698","1,346","10,096",,,,,,
其他地區 Other,一般Standard,"52,111",49.65%,"2,692","140,285,666","82,936,535","241,275,511",749,711,292,130,"1,882",,,,,,
其他地區 Other,小計SubTotal,"207,764",53.29%,"3,879","806,019,912","783,539,995","1,805,572,496","3,427","5,085","1,990","1,476","11,978",,,,,,
,總計 Total,"1,677,651",67.32%,3931,"6,594,853,167","7,223,941,654","15,566,770,871","24,600","37,948","12,838","9,400","84,786",,,,,,
,,,,,,,,,,,,,,,,,,
類別,客房數,客房住用數,住用率,平均房價,房租收入,餐飲收入,總營業收入,客房部,餐飲部,管理部,其他部門,員工合計,,,,,,
Kind,No. of Rooms,No. of Rooms Occupied,Occupancy Rate,Average Room Rate,Room Revenue,F & B Revenue,Total Revenue,Room Dep.,F&B Dep.,Adm. Dep.,Other Dep.,Total,,,,,,
國際Internation,"63,917","1,323,447",68.27%,4096,"5,420,884,336","6,117,252,099","13,025,600,991","19,972","31,942","10,842","7,755","70,511",,,,,,
一般Standard,"18,245","354,204",64.01%,3314,"1,173,968,831","1,106,689,555","2,541,169,880","4,628","6,006","1,996","1,645","14,275",,,,,,
小計SubTotal,"82,162","1,677,651",67.32%,3931,"6,594,853,167","7,223,941,654","15,566,770,871","24,600","37,948","12,838","9,400","84,786",,,,,,
,,,,,,,,,,,,,,,,,,
 ,,,,,,,,,,,,,,,,,,
列印日期：,2016/5/2,臺北地區 Taipei,,資料期間：,,2016年1月至2016年3月(Data for 2016/1∼2016/3),,,,,,,,,,,,
,住用及營收概況,,,,,各部門職工概況(No. of Employees),,,,,,,,,,,,
旅館名稱,客房數,客房住用數,住用率,平均房價,房租收入,餐飲收入,總營業收入,客房部,餐飲部,管理部,其他部門,員工合計,,,,,,
Hotel Name,No. of Rooms,No. of Rooms Occupied,Occupancy Rate,Average Room Rate,Room Revenue,F & B Revenue,Total Revenue,Room Dep.,F&B Dep.,Adm. Dep.,Other Dep.,Total,,,,,,
圓山大飯店,"1,500","31,387",68.98%,"3,818","119,845,790","163,870,678","318,844,754",402,701,374,172,"1,649",,,,,,
The Grand Hotel,,,,,,,,,,,,,,,,,,
國賓大飯店,"1,266","28,645",74.59%,"3,884","111,271,268","314,779,179","456,153,452",415,956,109,207,"1,687",,,,,,
The Ambassador Hotel,,,,,,,,,,,,,,,,,,
台北華國大飯店,978,"24,182",81.51%,"3,297","79,721,636","44,547,724","132,050,676",233,227,12,125,597,,,,,,
Imperial Hotel Taipei,,,,,,,,,,,,,,,,,,
華泰王子大飯店,635,"15,707",81.51%,"3,068","48,189,331","47,637,191","103,239,417",251,362,234,23,870,,,,,,
Gloria Prince Hotel,,,,,,,,,,,,,,,,,,
國王大飯店,294,"7,087",79.47%,"1,731","12,268,071","2,879,380","15,448,256",97,42,63,0,202,,,,,,
Emperor Hotel,,,,,,,,,,,,,,,,,,
豪景大酒店,636,"15,923",82.54%,"2,529","40,271,988","8,524,071","49,631,464",181,62,53,0,296,,,,,,
Hotel Riverview Taipei,,,,,,,,,,,,,,,,,,
台北凱撒大飯店,"1,434","40,266",92.57%,"3,798","152,910,935","84,340,122","251,153,646",264,347,73,151,835,,,,,,
Caesar Park Taipei,,,,,,,,,,,,,,,,,,
康華大飯店,645,"14,783",75.56%,"3,117","46,076,636","41,557,929","91,247,411",186,265,108,0,559,,,,,,
Golden China Hotel,,,,,,,,,,,,,,,,,,
神旺大飯店,804,"23,494",96.33%,"3,056","71,793,565","108,312,169","196,266,749",281,736,182,0,"1,199",,,,,,
San Want Hotel,,,,,,,,,,,,,,,,,,
兄弟大飯店,750,"11,139",48.96%,"3,138","34,949,363","152,225,386","200,470,578",330,885,216,39,"1,470",,,,,,
Brother Hotel,,,,,,,,,,,,,,,,,,
三德大飯店,861,"22,572",86.43%,"2,220","50,099,387","35,653,009","88,438,659",238,223,15,119,595,,,,,,
Santos Hotel,,,,,,,,,,,,,,,,,,
亞都麗緻大飯店,627,"15,017",78.96%,"4,720","70,887,436","54,023,637","141,751,583",218,329,105,134,786,,,,,,
The Landis Taipei Hotel,,,,,,,,,,,,,,,,,,
國聯大飯店,729,"16,501",74.62%,"2,479","40,904,051","12,698,479","59,380,068",182,88,18,123,411,,,,,,
United Hotel,,,,,,,,,,,,,,,,,,
台北寒舍喜來登大飯店,"2,064","42,469",67.83%,"5,938","252,171,075","359,207,309","684,914,554",648,"1,331",687,132,"2,798",,,,,,
Sheraton Grande Taipei Hotel,,,,,,,,,,,,,,,,,,
老爺大酒店,606,"16,381",89.11%,"4,801","78,644,641","90,452,605","190,446,288",228,447,72,138,885,,,,,,
Hotel Royal-Nikko Taipei,,,,,,,,,,,,,,,,,,
福華大飯店,"1,818","37,078",67.24%,"4,409","163,481,000","169,423,000","396,876,000",692,"1,097",226,237,"2,252",,,,,,
Howard Plaza Hotel,,,,,,,,,,,,,,,,,,
台北君悅酒店,"2,559","52,089",67.11%,"6,235","324,783,610","281,839,135","683,164,637",434,"1,061",539,245,"2,279",,,,,,
Grand Hyatt Taipei,,,,,,,,,,,,,,,,,,
晶華酒店,"1,614","36,848",75.26%,"6,141","226,280,335","458,723,915","869,307,428",884,"1,748",515,61,"3,208",,,,,,
The Regent Taipei,,,,,,,,,,,,,,,,,,
西華大飯店,"1,029","23,349",74.81%,"5,317","124,149,520","96,832,739","249,257,081",446,761,172,231,"1,610",,,,,,
The Sherwood Hotel Taipei,,,,,,,,,,,,,,,,,,
台北萬豪酒店,954,"13,470",46.55%,"6,208","83,620,053","127,155,213","253,236,125",360,540,259,0,"1,159",,,,,,
Taipei Marriott Hotel,,,,,,,,,,,,,,,,,,
台北美福大飯店,438,248,1.87%,"9,878","2,449,692","54,104,813","62,489,360",166,625,108,13,912,,,,,,
Grand Mayfull Hotel Taipei,,,,,,,,,,,,,,,,,,
遠東國際大飯店,"1,260","23,517",61.53%,"6,539","153,775,287","191,283,835","397,519,830",498,714,209,252,"1,673",,,,,,
"Shangri-La's Far Eastern Plaza Hotel, Taipei",,,,,,,,,,,,,,,,,,
台北威斯汀六福皇宮,864,"19,824",75.64%,"6,560","130,049,049","210,810,692","375,624,875",435,936,408,0,"1,779",,,,,,
The Westin Taipei,,,,,,,,,,,,,,,,,,
美麗信花園酒店,609,"15,203",82.30%,"2,518","38,276,247","19,930,010","78,762,130",247,174,106,0,527,,,,,,
Miramar Garden Taipei,,,,,,,,,,,,,,,,,,
台北寒舍艾美酒店,480,"11,200",76.92%,"9,317","104,352,176","193,356,804","332,276,651",329,683,276,0,"1,288",,,,,,
Le Meridien Taipei Hotel,,,,,,,,,,,,,,,,,,
台北W飯店,"1,215","28,942",78.53%,"9,804","283,751,737","180,512,129","521,706,338",590,665,307,0,"1,562",,,,,,
W Taipei,,,,,,,,,,,,,,,,,,
亞士都飯店,120,"2,510",68.96%,"2,590","6,500,396",0,"6,500,396",42,0,21,0,63,,,,,,
Astar Hotel,,,,,,,,,,,,,,,,,,
第一大飯店,528,"13,519",84.41%,"1,980","26,761,242","7,499,719","86,698,798",43,0,48,39,130,,,,,,
First Hotel,,,,,,,,,,,,,,,,,,
六福客棧,678,"17,764",86.38%,"1,659","29,462,585","33,159,629","65,962,926",102,252,28,51,433,,,,,,
The Leofoo Hotel,,,,,,,,,,,,,,,,,,
帝后大飯店,204,"3,948",63.80%,"1,615","6,376,747","155,042","6,531,789",48,12,12,0,72,,,,,,
Empress Hotel,,,,,,,,,,,,,,,,,,
華華大飯店,224,"4,716",70.18%,"1,672","7,886,669",0,"8,160,739",48,0,40,24,112,,,,,,
Hotel Flowers,,,,,,,,,,,,,,,,,,
北投老爺酒店,150,"2,980",65.49%,"7,269","21,661,236","8,557,840","34,676,472",62,89,6,142,299,,,,,,
Hotel Royal Beitou,,,,,,,,,,,,,,,,,,
台北有園飯店,168,"2,972",58.32%,"3,155","9,377,265","1,567,845","11,168,275",32,23,25,9,89,,,,,,
U HOTEL TAIPEI,,,,,,,,,,,,,,,,,,
歐華酒店,336,"7,152",70.17%,"3,317","23,726,286","19,502,288","48,046,748",140,151,92,0,383,,,,,,
The Riviera Hotel,,,,,,,,,,,,,,,,,,
慶泰大飯店,450,"11,130",81.54%,"3,103","34,541,734","25,755,681","62,246,552",94,194,84,41,413,,,,,,
Gala Hotel,,,,,,,,,,,,,,,,,,
天成大飯店,675,"19,786",96.63%,"3,257","64,435,330","119,761,676","196,986,319",283,278,62,117,740,,,,,,
Cosmos Hotel TAIPEI,,,,,,,,,,,,,,,,,,
福容大飯店 台北一館,360,"6,308",57.77%,"3,768","23,768,029","42,975,842","72,059,880",132,236,30,49,447,,,,,,
"Fullon Hotel Taipei,Central",,,,,,,,,,,,,,,,,,
首都大飯店,387,"9,384",79.94%,"4,108","38,553,640","18,383,882","60,691,594",90,133,45,67,335,,,,,,
Capital Hotel,,,,,,,,,,,,,,,,,,
台北君品大酒店,858,"21,614",83.05%,"5,125","110,773,860","155,589,880","281,395,609",378,525,199,0,"1,102",,,,,,
Palais De Chine Hotel Taipei,,,,,,,,,,,,,,,,,,
台北花園大酒店,723,"20,029",91.33%,"2,537","50,813,114","82,372,418","149,851,294",192,320,84,73,669,,,,,,
Taipei Garden Hotel,,,,,,,,,,,,,,,,,,
日勝生加賀屋國際溫泉飯店,270,"4,781",58.38%,"9,767","46,694,263","38,545,940","111,356,380",254,170,93,37,554,,,,,,
Radium-Kagaya,,,,,,,,,,,,,,,,,,
北投麗禧溫泉酒店,198,"4,099",68.25%,"14,539","59,594,870","29,618,185","120,682,493",109,220,11,207,547,,,,,,
Grand View Resort,,,,,,,,,,,,,,,,,,
寒舍艾麗酒店,705,"17,406",81.39%,"6,104","106,249,348","85,586,359","211,355,130",251,344,251,0,846,,,,,,
Humble House Hotel Taipei,,,,,,,,,,,,,,,,,,
總計,"33,703","757,419",74.09%,"4,637","3,512,150,493","4,173,713,379","8,734,029,404","11,535","18,952","6,577","3,258","40,322",,,,,,
Total,,,,,,,,,,,,,,,,,,
,,,,,,,,,,,,,,,,,,
 ,,,,,,,,,,,,,,,,,,
列印日期：,2016/5/2,高雄地區 Kaohsiung,,資料期間：,,2016年1月至2016年3月(Data for 2016/1∼2016/3),,,,,,,,,,,,
,住用及營收概況,,,,,各部門職工概況(No. of Employees),,,,,,,,,,,,
旅館名稱,客房數,客房住用數,住用率,平均房價,房租收入,餐飲收入,總營業收入,客房部,餐飲部,管理部,其他部門,員工合計,,,,,,
Hotel Name,No. of Rooms,No. of Rooms Occupied,Occupancy Rate,Average Room Rate,Room Revenue,F & B Revenue,Total Revenue,Room Dep.,F&B Dep.,Adm. Dep.,Other Dep.,Total,,,,,,
華王大飯店,891,"12,914",47.78%,"1,784","23,036,306","13,072,979","36,497,575",109,79,115,6,309,,,,,,
Hotel Kingdom,,,,,,,,,,,,,,,,,,
華園大飯店,807,"15,384",62.85%,"2,124","32,680,792","16,749,353","50,781,158",124,152,113,0,389,,,,,,
Hotel Holiday Garden Kaohsiung,,,,,,,,,,,,,,,,,,
高雄國賓大飯店,"1,359","31,904",77.39%,"2,257","72,007,569","127,877,601","207,867,625",451,521,49,127,"1,148",,,,,,
The Ambassador Hotel Kaohsiung,,,,,,,,,,,,,,,,,,
漢來大飯店,"1,308","31,415",79.18%,"3,985","125,202,198","238,711,331","428,286,268",527,"1,388",24,592,"2,531",,,,,,
Grand Hi-Lai Hotel,,,,,,,,,,,,,,,,,,
高雄福華大飯店,813,"20,162",81.76%,"2,402","48,427,000","66,400,000","125,579,000",291,391,105,66,853,,,,,,
Howard Plaza Hotel Kaohsiung,,,,,,,,,,,,,,,,,,
君鴻國際酒店,"1,755","35,136",66.00%,"2,587","90,889,497","111,816,011","237,398,806",483,581,491,90,"1,645",,,,,,
85 SKY TOWER HOTEL,,,,,,,,,,,,,,,,,,
寒軒國際大飯店,"1,140","24,073",69.62%,"2,255","54,286,981","81,513,029","141,007,071",358,417,102,95,972,,,,,,
Han-Hsien lnternational Hotel,,,,,,,,,,,,,,,,,,
麗尊大酒店,594,"14,558",80.80%,"2,413","35,128,252","69,788,549","111,690,102",195,321,33,81,630,,,,,,
The Lees Hotel,,,,,,,,,,,,,,,,,,
福容大飯店 高雄,750,"11,858",52.12%,"2,308","27,365,636","16,110,848","43,925,375",124,124,16,21,285,,,,,,
Fullon Hotel Kaohsiung,,,,,,,,,,,,,,,,,,
總計,"9,417","197,404",69.11%,"2,579","509,024,231","742,039,701","1,383,032,980","2,662","3,974","1,048","1,078","8,762",,,,,,
Total,,,,,,,,,,,,,,,,,,
,,,,,,,,,,,,,,,,,,
 ,,,,,,,,,,,,,,,,,,
列印日期：,2016/5/2,臺中地區 Taichung,,資料期間：,,2016年1月至2016年3月(Data for 2016/1∼2016/3),,,,,,,,,,,,
,住用及營收概況,,,,,各部門職工概況(No. of Employees),,,,,,,,,,,,
旅館名稱,客房數,客房住用數,住用率,平均房價,房租收入,餐飲收入,總營業收入,客房部,餐飲部,管理部,其他部門,員工合計,,,,,,
Hotel Name,No. of Rooms,No. of Rooms Occupied,Occupancy Rate,Average Room Rate,Room Revenue,F & B Revenue,Total Revenue,Room Dep.,F&B Dep.,Adm. Dep.,Other Dep.,Total,,,,,,
全國大飯店,534,"9,753",60.21%,"2,338","22,807,342","58,700,869","91,925,502",161,435,73,73,742,,,,,,
Hotel National,,,,,,,,,,,,,,,,,,
通豪大飯店,684,"5,728",27.61%,"2,357","13,502,792","33,643,795","49,363,335",146,391,111,14,662,,,,,,
Plaza International Hotel,,,,,,,,,,,,,,,,,,
長榮桂冠酒店(台中),"1,062","22,320",69.29%,"2,663","59,439,191","81,671,652","158,649,368",253,371,177,0,801,,,,,,
Evergreen Laurel Hotel (Taichung),,,,,,,,,,,,,,,,,,
台中福華大飯店,465,"9,363",66.38%,"2,946","27,580,693","46,670,312","82,641,586",138,301,56,90,585,,,,,,
Howard Prince Hotel Taichung,,,,,,,,,,,,,,,,,,
台中金典酒店,666,"15,283",75.65%,"3,133","47,877,932","67,870,251","159,318,022",473,376,198,217,"1,264",,,,,,
The Splendor Hotel Taichung,,,,,,,,,,,,,,,,,,
裕元花園酒店,447,"10,292",75.91%,"3,537","36,403,893","78,375,007","128,711,970",182,493,63,87,825,,,,,,
Windsor Hotel,,,,,,,,,,,,,,,,,,
台中港酒店,600,"12,328",67.74%,"1,708","21,051,769","18,413,340","41,595,646",98,126,54,31,309,,,,,,
Taichung Harbor Hotel,,,,,,,,,,,,,,,,,,
總計,"4,458","85,067",62.91%,"2,688","228,663,612","385,345,226","712,205,429","1,451","2,493",732,512,"5,188",,,,,,
Total,,,,,,,,,,,,,,,,,,
,,,,,,,,,,,,,,,,,,
 ,,,,,,,,,,,,,,,,,,
列印日期：,2016/5/2,花蓮地區 Hualien,,資料期間：,,2016年1月至2016年3月(Data for 2016/1∼2016/3),,,,,,,,,,,,
,住用及營收概況,,,,,各部門職工概況(No. of Employees),,,,,,,,,,,,
旅館名稱,客房數,客房住用數,住用率,平均房價,房租收入,餐飲收入,總營業收入,客房部,餐飲部,管理部,其他部門,員工合計,,,,,,
Hotel Name,No. of Rooms,No. of Rooms Occupied,Occupancy Rate,Average Room Rate,Room Revenue,F & B Revenue,Total Revenue,Room Dep.,F&B Dep.,Adm. Dep.,Other Dep.,Total,,,,,,
花蓮亞士都飯店,501,"7,125",46.88%,"1,429","10,184,764","2,342,200","12,633,516",58,38,24,0,120,,,,,,
Astar Hotel,,,,,,,,,,,,,,,,,,
統帥大飯店,810,"11,651",47.42%,"1,556","18,124,601","19,103,530","38,823,750",98,182,74,16,370,,,,,,
Marshal Hotel,,,,,,,,,,,,,,,,,,
花蓮翰品酒店,591,"11,103",61.93%,"2,198","24,409,414","40,991,435","68,565,521",173,225,71,0,469,,,,,,
Hualien Chateau de Chine Hotel,,,,,,,,,,,,,,,,,,
美侖大飯店,"1,029","19,945",63.90%,"2,477","49,408,825","38,657,381","91,477,530",232,388,30,197,847,,,,,,
Parkview Hotel,,,,,,,,,,,,,,,,,,
遠雄悅來大飯店,"1,143","16,667",48.07%,"3,980","66,338,616","36,173,162","114,168,347",285,295,122,264,966,,,,,,
"Farglory Hotel, Hualien",,,,,,,,,,,,,,,,,,
總計,"4,074","66,491",53.80%,"2,534","168,466,220","137,267,708","325,668,664",846,"1,128",321,477,"2,772",,,,,,
Total,,,,,,,,,,,,,,,,,,
,,,,,,,,,,,,,,,,,,
 ,,,,,,,,,,,,,,,,,,
列印日期：,2016/5/2,風景區 Scenic Area,,資料期間：,,2016年1月至2016年3月(Data for 2016/1∼2016/3),,,,,,,,,,,,
,住用及營收概況,,,,,各部門職工概況(No. of Employees),,,,,,,,,,,,
旅館名稱,客房數,客房住用數,住用率,平均房價,房租收入,餐飲收入,總營業收入,客房部,餐飲部,管理部,其他部門,員工合計,,,,,,
Hotel Name,No. of Rooms,No. of Rooms Occupied,Occupancy Rate,Average Room Rate,Room Revenue,F & B Revenue,Total Revenue,Room Dep.,F&B Dep.,Adm. Dep.,Other Dep.,Total,,,,,,
陽明山中國麗緻大飯店,141,"2,743",64.13%,"5,127","14,064,097","9,092,606","31,205,145",40,44,27,50,161,,,,,,
Hotel Landis China Yangmingshan,,,,,,,,,,,,,,,,,,
高雄圓山大飯店,321,"6,480",66.55%,"2,127","13,780,668","41,627,203","60,078,126",87,237,42,135,501,,,,,,
Grand Hotel Kaohsiung,,,,,,,,,,,,,,,,,,
礁溪老爺大酒店,579,"14,343",81.67%,"7,500","107,579,615","69,665,803","203,453,523",272,381,198,109,960,,,,,,
Hotel Royal Chiao-His,,,,,,,,,,,,,,,,,,
涵碧樓大飯店,288,"6,744",77.20%,"11,838","79,833,502","20,752,338","106,061,655",144,210,58,325,737,,,,,,
The Lalu Sun Moon Lake,,,,,,,,,,,,,,,,,,
雲品溫泉酒店日月潭,633,"14,232",74.12%,"8,273","117,745,978","64,903,229","196,603,329",295,417,177,91,980,,,,,,
Fleur De Chine Hotel,,,,,,,,,,,,,,,,,,
日月行館,276,"2,894",34.57%,"12,751","36,902,114","16,994,531","55,555,776",63,105,48,49,265,,,,,,
Wen Wan Hotel & Resorts,,,,,,,,,,,,,,,,,,
凱撒大飯店,843,"22,512",88.04%,"4,820","108,510,132","35,347,543","152,523,502",300,246,111,175,832,,,,,,
Caesar Park Hotel Kenting,,,,,,,,,,,,,,,,,,
墾丁福華渡假飯店,"1,374","30,750",73.78%,"3,219","98,981,431","40,056,734","147,412,561",388,211,127,262,988,,,,,,
Howard Beach Resort Kenting,,,,,,,,,,,,,,,,,,
東方渡假酒店,336,"2,364",23.19%,"3,620","8,556,795","3,906,741","12,531,387",81,60,6,16,163,,,,,,
Dong Fang Du Jia Jiudian Hotel,,,,,,,,,,,,,,,,,,
知本老爺大酒店,546,"11,442",69.09%,"4,300","49,196,596","29,022,283","91,840,163",148,200,118,205,671,,,,,,
Hotel Royal Chihpen Spa,,,,,,,,,,,,,,,,,,
太魯閣晶英酒店,480,"6,051",41.56%,"6,875","41,598,937","15,353,973","64,617,372",174,135,92,106,507,,,,,,
"Silks Place Hotel, Taroko",,,,,,,,,,,,,,,,,,
福容大飯店 福隆,522,"2,812",17.76%,"6,030","16,956,686","10,501,059","28,740,837",108,165,36,72,381,,,,,,
Fulong Beach Resort Hotel,,,,,,,,,,,,,,,,,,
龍谷大飯店,567,"5,491",31.93%,"2,071","11,373,296","5,977,425","18,937,162",41,32,27,37,137,,,,,,
Dragon Valley Hotel,,,,,,,,,,,,,,,,,,
阿里山賓館,70,992,47.24%,"8,424","8,356,737",0,"8,356,737",15,0,9,9,33,,,,,,
Alishan House,,,,,,,,,,,,,,,,,,
名都觀光渡假大飯店,297,"4,213",46.76%,"1,892","7,973,059","10,669,729","19,261,707",72,102,54,0,228,,,,,,
Beau Max Resort Hotel,,,,,,,,,,,,,,,,,,
阿里山賓館(新館),310,"7,510",79.88%,"5,433","40,800,537","17,035,842","60,632,358",129,76,59,69,333,,,,,,
Alishan House,,,,,,,,,,,,,,,,,,
總計,"7,583","141,573",61.56%,"5,384","762,210,180","390,907,039","1,257,811,340","2,357","2,621","1,189","1,710","7,877",,,,,,
Total,,,,,,,,,,,,,,,,,,
,,,,,,,,,,,,,,,,,,
 ,,,,,,,,,,,,,,,,,,
列印日期：,2016/5/2,桃竹苗地區 TauHsiuMiao,,資料期間：,,2016年1月至2016年3月(Data for 2016/1∼2016/3),,,,,,,,,,,,
,住用及營收概況,,,,,各部門職工概況(No. of Employees),,,,,,,,,,,,
旅館名稱,客房數,客房住用數,住用率,平均房價,房租收入,餐飲收入,總營業收入,客房部,餐飲部,管理部,其他部門,員工合計,,,,,,
Hotel Name,No. of Rooms,No. of Rooms Occupied,Occupancy Rate,Average Room Rate,Room Revenue,F & B Revenue,Total Revenue,Room Dep.,F&B Dep.,Adm. Dep.,Other Dep.,Total,,,,,,
晶悅國際飯店(原桃園大飯店),"1,164","29,543",83.67%,"1,698","50,155,904","18,965,134","72,296,403",221,249,85,47,602,,,,,,
Pleasant Hotels International,,,,,,,,,,,,,,,,,,
尊爵天際大飯店,750,"19,503",85.73%,"2,413","47,063,535","26,356,948","76,061,968",119,182,67,40,408,,,,,,
Ｍonarch-Skyline Hotel,,,,,,,,,,,,,,,,,,
南方莊園,333,"5,649",55.93%,"4,568","25,804,752","36,773,593","76,937,139",117,238,81,120,556,,,,,,
South Gardens Resort,,,,,,,,,,,,,,,,,,
台北諾富特華航桃園機場飯店,"1,080","30,097",91.87%,"2,658","79,986,698","58,890,544","151,823,294",247,368,174,47,836,,,,,,
Novotel Taipei Taoyuan International Airport,,,,,,,,,,,,,,,,,,
新竹喜來登大飯店,"1,158","29,754",84.71%,"3,742","111,327,682","132,417,739","274,060,864",355,506,60,224,"1,145",,,,,,
Sheraton Hsinchu Hotel,,,,,,,,,,,,,,,,,,
新竹老爺大酒店,624,"12,684",67.01%,"2,993","37,961,698","40,786,732","82,323,972",129,296,150,27,602,,,,,,
Hotel Royal Hsinchu,,,,,,,,,,,,,,,,,,
新竹國賓大飯店,771,"18,204",77.84%,"3,285","59,793,312","99,300,372","199,585,735",324,626,109,51,"1,110",,,,,,
The Ambassador Hotel Hsinchu,,,,,,,,,,,,,,,,,,
尊爵大飯店,693,"18,823",89.54%,"2,320","43,664,420","66,538,212","118,120,597",131,278,93,80,582,,,,,,
Monarch Plaza Hotel,,,,,,,,,,,,,,,,,,
古華花園飯店,765,"18,683",80.51%,"2,869","53,604,127","46,742,291","108,352,046",199,398,24,74,695,,,,,,
Hotel Kuva Chateau,,,,,,,,,,,,,,,,,,
福容大飯店 桃園,546,"13,588",82.04%,"2,173","29,525,559","18,661,981","50,327,759",96,141,24,30,291,,,,,,
Fullon Hotel Taoyuan,,,,,,,,,,,,,,,,,,
福容大飯店 林口,444,"12,260",91.03%,"3,020","37,019,325","36,797,309","74,086,573",135,190,33,41,399,,,,,,
Fullon Hotel Linkou,,,,,,,,,,,,,,,,,,
豐邑喜來登大飯店,"1,167","3,307",9.34%,"3,740","12,369,741","9,740,850","24,212,416",126,97,9,108,340,,,,,,
Glory Hotel,,,,,,,,,,,,,,,,,,
苗栗兆品酒店,573,"9,838",56.60%,"2,037","20,041,766","19,156,901","40,261,792",123,126,72,0,321,,,,,,
Miaoli Maison De Chine,,,,,,,,,,,,,,,,,,
總計,"10,068","221,933",72.67%,"2,741","608,318,519","611,128,606","1,348,450,558","2,322","3,695",981,889,"7,887",,,,,,
Total,,,,,,,,,,,,,,,,,,
,,,,,,,,,,,,,,,,,,
 ,,,,,,,,,,,,,,,,,,
列印日期：,2016/5/2,其他地區 Other,,資料期間：,,2016年1月至2016年3月(Data for 2016/1∼2016/3),,,,,,,,,,,,
,住用及營收概況,,,,,各部門職工概況(No. of Employees),,,,,,,,,,,,
旅館名稱,客房數,客房住用數,住用率,平均房價,房租收入,餐飲收入,總營業收入,客房部,餐飲部,管理部,其他部門,員工合計,,,,,,
Hotel Name,No. of Rooms,No. of Rooms Occupied,Occupancy Rate,Average Room Rate,Room Revenue,F & B Revenue,Total Revenue,Room Dep.,F&B Dep.,Adm. Dep.,Other Dep.,Total,,,,,,
福容大飯店 淡水漁人碼頭,594,"4,610",25.59%,"5,456","25,152,313","47,049,630","78,986,538",131,292,81,52,556,,,,,,
Fullon Hotel Danshuei Fiahermen’s Wharf,,,,,,,,,,,,,,,,,,
大板根渡假酒店,285,"7,213",83.44%,"4,755","34,296,872","44,342,480","121,819,467",80,200,22,313,615,,,,,,
The Great Roots Resort Hotel,,,,,,,,,,,,,,,,,,
台南大飯店,456,"5,771",41.72%,"2,090","12,059,097","36,268,999","54,266,189",99,308,93,0,500,,,,,,
Hotel Tainan,,,,,,,,,,,,,,,,,,
大億麗緻酒店,945,"16,489",57.52%,"3,547","58,493,950","92,800,426","166,733,865",275,521,189,0,985,,,,,,
Tayih Landis Tainan,,,,,,,,,,,,,,,,,,
台糖長榮酒店(台南),591,"14,126",78.80%,"2,971","41,973,434","78,028,370","124,101,111",189,289,72,41,591,,,,,,
Evergreen Plaza Hotel(Tainan),,,,,,,,,,,,,,,,,,
香格里拉台南遠東國際大飯店,"1,008","20,020",65.48%,"4,045","80,976,002","67,182,091","166,883,142",358,484,225,63,"1,130",,,,,,
"Shangri-La’s Far Eastern Plaza Hotel,Tainan",,,,,,,,,,,,,,,,,,
義大皇家酒店,"1,968","38,785",64.97%,"3,434","133,185,825","95,414,083","242,877,321",312,634,299,335,"1,580",,,,,,
E-DA Royal Hotel,,,,,,,,,,,,,,,,,,
蘭城晶英酒店,579,"8,353",47.56%,"9,113","76,122,964","72,564,332","167,038,339",186,568,97,100,951,,,,,,
Silks Place Yilan,,,,,,,,,,,,,,,,,,
長榮鳳凰酒店(礁溪),693,"15,129",71.97%,"6,809","103,018,650","65,520,146","203,241,735",309,315,171,153,948,,,,,,
Evergreen Resort Hotel(Jiaosi),,,,,,,,,,,,,,,,,,
娜路彎大酒店,552,"9,057",54.69%,"5,899","53,422,853","28,214,200","110,813,184",265,145,167,200,777,,,,,,
Formosan Naruwan Hotel & Resort Taitung,,,,,,,,,,,,,,,,,,
澎湖福朋喜來登酒店,993,"3,573",11.86%,"3,159","11,287,215","15,962,239","29,899,154",270,320,194,46,830,,,,,,
Four Point by Sheraton Penghu,,,,,,,,,,,,,,,,,,
耐斯王子大飯店,735,"12,527",56.19%,"2,853","35,745,071","57,256,464","97,636,940",204,298,88,43,633,,,,,,
Nice Prince Hotel,,,,,,,,,,,,,,,,,,
帝景飯店,180,"3,184",58.32%,"2,783","8,860,022","83,900","8,947,116",18,9,11,16,54,,,,,,
Dijin Hotel,,,,,,,,,,,,,,,,,,
福朋喜來登飯店,378,"8,784",76.61%,"2,757","24,215,078","17,929,605","46,800,156",100,144,55,24,323,,,,,,
"Four Points By Sheraton Taipei, Zhonghe",,,,,,,,,,,,,,,,,,
碧特弗大飯店,162,"3,243",66.00%,"2,521","8,175,317","1,058,517","9,233,834",36,33,30,0,99,,,,,,
Beautiful Hotel,,,,,,,,,,,,,,,,,,
美麗春天大飯店,102,"2,081",67.26%,"2,528","5,259,879","1,403,150","6,663,029",30,24,9,0,63,,,,,,
Beautiful Hotel,,,,,,,,,,,,,,,,,,
遠百企業觀光旅館,120,200,5.49%,"1,008","201,600",0,"201,600",39,0,30,0,69,,,,,,
Far Eastem Geant Tourist Hotel,,,,,,,,,,,,,,,,,,
幼獅大飯店,162,"1,210",24.62%,"1,461","1,767,400",0,"1,870,480",9,0,6,11,26,,,,,,
Lion Hotel,,,,,,,,,,,,,,,,,,
山泉大飯店,501,"10,387",68.35%,"1,956","20,318,652","4,631,120","26,300,651",108,42,6,12,168,,,,,,
Sun Spring Resort,,,,,,,,,,,,,,,,,,
桂田酒店台東,870,"7,597",28.79%,"4,330","32,895,453","29,635,574","65,354,776",191,270,63,43,567,,,,,,
QUEENAPLAZA HOTEL TAITUNG,,,,,,,,,,,,,,,,,,
寶華大飯店,234,560,7.89%,"1,238","693,150",0,"699,150",39,0,9,0,48,,,,,,
Bowa Hotel,,,,,,,,,,,,,,,,,,
長榮桂冠酒店(基隆),420,"9,437",74.07%,"2,400","22,646,445","15,459,734","46,432,635",86,66,58,15,225,,,,,,
Evergreen Laurel Hotel (Keelung),,,,,,,,,,,,,,,,,,
鈺通大飯店,331,"5,428",54.03%,"2,810","15,252,670","12,734,935","28,772,084",93,123,15,9,240,,,,,,
Yuh-Tong Hotel,,,,,,,,,,,,,,,,,,
總計,"12,859","207,764",53.29%,"3,879","806,019,912","783,539,995","1,805,572,496","3,427","5,085","1,990","1,476","11,978",,,,,,
Total,,,,,,,,,,,,,,,,,,
,,,,,,,,,,,,,,,,,,
,,,,,,,,,,,,,,,,,,
 ,,,,,,,,,,,,,,,,,,
列印日期：,,2016/5/2,,資料期間：,,2016年1月至2016年3月(Data for 2016/1∼2016/3),,,,,,,,,,,,
,,住客類別統計,,,各地區旅客人數統計,,,,,,,,,,,,,
,,No. of Guests by Type,,,No. of Guests by Country / Region,,,,,,,,,,,,,
地區名稱,,FIT類別,GROUP類別,類別合計,本國?,大陸?,日本,韓國,港澳,新加坡,馬來西亞,其他亞洲地區,北美,歐洲,紐澳,其他,華僑,合計
Region,,FIT,GROUP,Total,Domestic,China,Japan,Korea,HK & Macao,Singapore,Malaysia,Asia(Other Asia Region),North American,Europe,NZ & AU,Other,Chinese Overseas,Total
臺北地區 Taipei,國際Internation,"654,075","298,939","953,014","126,787","219,378","282,212","42,566","96,148","37,187","14,205","35,336","85,242","39,126","9,619","9,326","8,794","1,005,926"
臺北地區 Taipei,一般Standard,"205,920","87,973","293,893","40,278","71,863","91,025","42,566","96,148","37,187","14,205","8,007","11,997","8,548","2,737","6,329",197,"431,087"
臺北地區 Taipei,小計SubTotal,"859,995","386,912","1,246,907","167,065","291,241","373,237","42,566","96,148","37,187","14,205","43,343","97,239","47,674","12,356","15,655","8,991","1,246,907"
高雄地區 Kaohsiung,國際Internation,"171,493","147,238","318,731","124,470","73,293","59,120","15,143","8,452","2,609","2,327","5,410","8,664","7,578","1,874","8,267","3,210","320,417"
高雄地區 Kaohsiung,一般Standard,"10,560","13,848","24,408","12,760","8,798",291,"15,143","8,452","2,609","2,327",353,124,360,35,1,0,"51,253"
高雄地區 Kaohsiung,小計SubTotal,"182,053","161,086","343,139","137,230","82,091","59,411","15,143","8,452","2,609","2,327","5,763","8,788","7,938","1,909","8,268","3,210","343,139"
臺中地區 Taichung,國際Internation,"62,598","34,490","97,088","50,401","14,801","14,949","1,717","2,299","1,334","1,158","2,873","4,495","3,972",394,559,0,"98,952"
臺中地區 Taichung,一般Standard,"24,628","14,690","39,318","21,866","9,168","1,426","1,717","2,299","1,334","1,158",812,"2,276","1,474",190,210,32,"43,962"
臺中地區 Taichung,小計SubTotal,"87,226","49,180","136,406","72,267","23,969","16,375","1,717","2,299","1,334","1,158","3,685","6,771","5,446",584,769,32,"136,406"
花蓮地區 Hualien,國際Internation,"77,431","72,928","150,359","99,191","37,368","9,487",23,695,348,80,"1,923",212,231,3,233,565,"150,359"
花蓮地區 Hualien,小計SubTotal,"77,431","72,928","150,359","99,191","37,368","9,487",23,695,348,80,"1,923",212,231,3,233,565,"150,359"
風景區 Scenic Area,國際Internation,"195,900","99,510","295,410","229,911","35,933","7,699",534,"6,200",557,190,"3,805","4,586","2,091",286,"3,975",379,"296,146"
風景區 Scenic Area,一般Standard,"25,144","20,154","45,298","33,587","8,748",248,534,"6,200",557,190,325,213,58,43,"1,340",0,"52,043"
風景區 Scenic Area,小計SubTotal,"221,044","119,664","340,708","263,498","44,681","7,947",534,"6,200",557,190,"4,130","4,799","2,149",329,"5,315",379,"340,708"
桃竹苗地區 TauHsiuMiao,國際Internation,"126,282","81,327","207,609","56,303","44,116","12,315","30,862","5,132","4,811","2,364","11,705","22,837","11,459","1,037","26,062",940,"229,943"
桃竹苗地區 TauHsiuMiao,一般Standard,"60,176","59,117","119,293","34,150","31,717","7,985","30,862","5,132","4,811","2,364","6,001","5,878","3,308",632,"7,288",0,"140,128"
桃竹苗地區 TauHsiuMiao,小計SubTotal,"186,458","140,444","326,902","90,453","75,833","20,300","30,862","5,132","4,811","2,364","17,706","28,715","14,767","1,669","33,350",940,"326,902"
其他地區 Other,國際Internation,"224,576","138,916","363,492","281,384","38,039","10,729","7,487","7,192","1,731",878,"6,172","7,422","4,278","1,014","3,205",0,"369,531"
其他地區 Other,一般Standard,"45,034","46,970","92,004","50,239","24,767","1,482","7,487","7,192","1,731",878,"3,110","2,749","1,027",265,"2,171",155,"103,253"
其他地區 Other,小計SubTotal,"269,610","185,886","455,496","331,623","62,806","12,211","7,487","7,192","1,731",878,"9,282","10,171","5,305","1,279","5,376",155,"455,496"
,總計 Total,"1,883,817","1,116,100","2,999,917","1,161,327","617,989","498,968","98,332","126,118","48,577","21,202","85,832","156,695","83,510","18,129","68,966","14,272","2,999,917"
,,,,,,,,,,,,,,,,,,
,住客類別統計,,,各地區旅客人數統計,,,,,,,,,,,,,,
,No. of Guests by Type,,,No. of Guests by Country / Region,,,,,,,,,,,,,,
類別,FIT類別,GROUP類別,類別合計,本國?,大陸?,日本,韓國,港澳,新加坡,馬來西亞,其他亞洲地區,北美,歐洲,紐澳,其他,華僑,合計,
Kind,FIT,GROUP,Total,Domestic,China,Japan,Korea,HK & Macao,Singapore,Malaysia,Asia(Other Asia Region),North American,Europe,NZ & AU,Other,Chinese Overseas,Total,
國際Internation,"1,512,355","873,348","2,385,703","968,447","462,928","396,511","98,332","126,118","48,577","21,202","67,224","133,458","68,735","14,227","51,627","13,888","2,471,274",
一般Standard,"371,462","242,752","614,214","192,880","155,061","102,457","98,332","126,118","48,577","21,202","18,608","23,237","14,775","3,902","17,339",384,"822,872",
小計SubTotal,"1,883,817","1,116,100","2,999,917","1,161,327","617,989","498,968","98,332","126,118","48,577","21,202","85,832","156,695","83,510","18,129","68,966","14,272","2,999,917",
,,,,,,,,,,,,,,,,,,
 ,,,,,,,,,,,,,,,,,,
列印日期：,2016/5/2,臺北地區 Taipei,,資料期間：,,2016年1月至2016年3月(Data for 2016/1∼2016/3),,,,,,,,,,,,
,住客類別統計,,,各地區旅客人數統計,,,,,,,,,,,,,,
,No. of Guests by Type,,,No. of Guests by Country / Region,,,,,,,,,,,,,,
旅館名稱,FIT類別,GROUP類別,類別合計,本國?,大陸?,日本,韓國,港澳,新加坡,馬來西亞,其他亞洲地區,北美,歐洲,紐澳,其他,華僑,合計,
Hotel Name,FIT,GROUP,Total,Domestic,China,Japan,Korea,HK & Macao,Singapore,Malaysia,Asia(Other Asia Region),North American,Europe,NZ & AU,Other,Chinese Overseas,Total,
圓山大飯店,"30,585","29,742","60,327","9,512","31,347","13,674","1,062",564,217,181,546,"2,234",495,395,100,0,"60,327",
The Grand Hotel,,,,,,,,,,,,,,,,,,
國賓大飯店,"32,018","11,750","43,768","3,471","3,460","28,360","2,025",771,350,230,485,"1,076",608,155,626,"2,151","43,768",
The Ambassador Hotel,,,,,,,,,,,,,,,,,,
台北華國大飯店,"18,141","19,631","37,772","2,429","3,316","20,928",678,504,236,173,147,"3,992","4,938",169,262,0,"37,772",
Imperial Hotel Taipei,,,,,,,,,,,,,,,,,,
華泰王子大飯店,"6,479","4,321","10,800",675,"1,187","7,761",90,612,194,28,66,59,51,12,56,9,"10,800",
Gloria Prince Hotel,,,,,,,,,,,,,,,,,,
國王大飯店,"2,126","4,961","7,087",239,720,"5,918",77,22,6,50,14,16,11,7,7,0,"7,087",
Emperor Hotel,,,,,,,,,,,,,,,,,,
豪景大酒店,"13,065","21,104","34,169","1,591","17,911","6,707","1,348","2,143","2,092","1,201",469,327,243,123,14,0,"34,169",
Hotel Riverview Taipei,,,,,,,,,,,,,,,,,,
台北凱撒大飯店,"72,139","8,638","80,777","8,576","13,212","31,005","5,771","13,066","3,301",915,"1,288","1,566","1,285",494,298,0,"80,777",
Caesar Park Taipei,,,,,,,,,,,,,,,,,,
康華大飯店,"8,568","18,568","27,136","2,652","3,738","15,127",939,956,"1,509",491,464,538,437,216,69,0,"27,136",
Golden China Hotel,,,,,,,,,,,,,,,,,,
神旺大飯店,"39,637","2,845","42,482","5,007","21,470","6,049",0,0,0,0,"5,510","2,922",894,503,127,0,"42,482",
San Want Hotel,,,,,,,,,,,,,,,,,,
兄弟大飯店,"6,870","6,283","13,153","2,644","2,643","5,051",264,290,0,0,799,493,448,36,485,0,"13,153",
Brother Hotel,,,,,,,,,,,,,,,,,,
三德大飯店,"4,494","38,297","42,791","1,203","3,386","27,451",0,72,38,80,"3,152",355,223,97,100,"6,634","42,791",
Santos Hotel,,,,,,,,,,,,,,,,,,
亞都麗緻大飯店,"21,376","2,916","24,292","6,441","2,916","7,508",673,"1,718",539,286,713,"1,648","1,404",349,97,0,"24,292",
The Landis Taipei Hotel,,,,,,,,,,,,,,,,,,
國聯大飯店,"9,536","20,675","30,211","12,492","6,987","3,713","1,588",0,852,496,799,"1,454","1,471",345,14,0,"30,211",
United Hotel,,,,,,,,,,,,,,,,,,
台北寒舍喜來登大飯店,"42,486","20,884","63,370","7,456","15,941","13,803",902,"4,120","4,620",844,"1,882","7,685","2,516",829,"2,772",0,"63,370",
Sheraton Grande Taipei Hotel,,,,,,,,,,,,,,,,,,
老爺大酒店,"23,904","1,204","25,108","1,496","1,754","18,217",352,842,279,103,155,684,354,114,758,0,"25,108",
Hotel Royal-Nikko Taipei,,,,,,,,,,,,,,,,,,
福華大飯店,"49,967","6,498","56,465","8,411","10,511","9,920","2,894","1,789","1,044",552,"2,678","8,822","7,542","1,295","1,007",0,"56,465",
Howard Plaza Hotel,,,,,,,,,,,,,,,,,,
台北君悅酒店,"50,933","26,728","77,661","10,321","21,150","4,899","3,508","5,444","2,979",861,"5,117","17,483","4,246","1,013",640,0,"77,661",
Grand Hyatt Taipei,,,,,,,,,,,,,,,,,,
晶華酒店,"53,970","11,130","65,100","13,187","6,759","27,087","2,789","3,055","1,537","1,351","1,726","4,067","2,792",501,249,0,"65,100",
The Regent Taipei,,,,,,,,,,,,,,,,,,
西華大飯店,"31,976","5,272","37,248","7,294","6,412","8,659","1,169","4,821","1,489",309,439,"3,948","1,941",470,297,0,"37,248",
The Sherwood Hotel Taipei,,,,,,,,,,,,,,,,,,
台北萬豪酒店,"12,983","7,436","20,419","3,946","5,259",587,521,"1,947",820,456,"1,164","4,520",784,285,130,0,"20,419",
Taipei Marriott Hotel,,,,,,,,,,,,,,,,,,
台北美福大飯店,621,0,621,465,14,10,13,13,11,9,0,72,14,0,0,0,621,
Grand Mayfull Hotel Taipei,,,,,,,,,,,,,,,,,,
遠東國際大飯店,"33,387","3,739","37,126","3,394","11,944","1,992","1,517","6,794","2,193",616,956,"5,130","1,849",463,278,0,"37,126",
"Shangri-La's Far Eastern Plaza Hotel, Taipei",,,,,,,,,,,,,,,,,,
台北威斯汀六福皇宮,"24,085","4,697","28,782","1,954","10,564","2,897","1,572","2,482","1,868",460,627,"4,662","1,040",425,231,0,"28,782",
The Westin Taipei,,,,,,,,,,,,,,,,,,
美麗信花園酒店,"9,837","16,473","26,310","3,421","3,883","13,340",328,"1,622",614,151,237,"1,603",967,138,6,0,"26,310",
Miramar Garden Taipei,,,,,,,,,,,,,,,,,,
台北寒舍艾美酒店,"14,235","1,585","15,820","3,581","3,865",348,116,"2,641",990,216,368,"2,595",681,320,99,0,"15,820",
Le Meridien Taipei Hotel,,,,,,,,,,,,,,,,,,
台北W飯店,"40,657","3,562","44,219","4,929","9,029","1,201","1,012","8,234","2,723",904,"5,535","7,291","1,892",865,604,0,"44,219",
W Taipei,,,,,,,,,,,,,,,,,,
亞士都飯店,"2,987","1,280","4,267",737,315,"2,620",126,150,13,45,51,75,90,13,32,0,"4,267",
Astar Hotel,,,,,,,,,,,,,,,,,,
第一大飯店,"1,921","27,445","29,366","1,709","9,364","12,438",598,912,37,65,"1,422",953,376,31,"1,461",0,"29,366",
First Hotel,,,,,,,,,,,,,,,,,,
六福客棧,"19,375","13,217","32,592","2,498","9,117","18,420",462,437,0,0,717,173,70,8,690,0,"32,592",
The Leofoo Hotel,,,,,,,,,,,,,,,,,,
帝后大飯店,"1,501","3,915","5,416",498,158,"4,239",34,9,1,45,28,109,265,9,11,10,"5,416",
Empress Hotel,,,,,,,,,,,,,,,,,,
華華大飯店,868,"1,301","2,169",216,604,625,0,0,0,0,96,29,9,1,407,182,"2,169",
Hotel Flowers,,,,,,,,,,,,,,,,,,
北投老爺酒店,"5,414",887,"6,301","3,363","1,181",117,15,"1,127",19,11,3,86,40,141,198,0,"6,301",
Hotel Royal Beitou,,,,,,,,,,,,,,,,,,
台北有園飯店,"1,996",363,"2,359",449,757,144,71,607,69,15,43,64,54,39,47,0,"2,359",
U HOTEL TAIPEI,,,,,,,,,,,,,,,,,,
歐華酒店,"12,267",0,"12,267",926,"1,155","5,656",923,592,229,93,725,991,819,92,66,0,"12,267",
The Riviera Hotel,,,,,,,,,,,,,,,,,,
慶泰大飯店,"2,807","8,323","11,130",956,962,"7,580",0,348,0,0,0,0,488,0,796,0,"11,130",
Gala Hotel,,,,,,,,,,,,,,,,,,
天成大飯店,"38,893","1,767","40,660","2,317","6,905","12,993","4,417","6,286","2,540",532,654,"1,656",758,501,"1,101",0,"40,660",
Cosmos Hotel TAIPEI,,,,,,,,,,,,,,,,,,
福容大飯店 台北一館,"6,072","4,068","10,140","2,740","3,347","1,537",217,466,99,26,326,611,309,60,402,0,"10,140",
"Fullon Hotel Taipei,Central",,,,,,,,,,,,,,,,,,
首都大飯店,"14,945",0,"14,945","2,729","5,309","4,381",302,484,205,134,244,551,385,108,108,5,"14,945",
Capital Hotel,,,,,,,,,,,,,,,,,,
台北君品大酒店,"33,883","4,753","38,636","4,453","5,767","8,279","2,412","9,561","1,195","1,052","1,381","2,020","1,630",643,243,0,"38,636",
Palais De Chine Hotel Taipei,,,,,,,,,,,,,,,,,,
台北花園大酒店,"29,559","6,204","35,763","3,178","11,825","10,140","1,059","3,371","1,049",737,"1,000","1,501","1,106",299,498,0,"35,763",
Taipei Garden Hotel,,,,,,,,,,,,,,,,,,
日勝生加賀屋國際溫泉飯店,"6,069","4,986","11,055","5,434","2,888",844,59,"1,349",79,36,10,227,64,55,10,0,"11,055",
Radium-Kagaya,,,,,,,,,,,,,,,,,,
北投麗禧溫泉酒店,"7,664","1,854","9,518","4,834","1,856",257,230,"1,554",88,73,49,305,134,109,29,0,"9,518",
Grand View Resort,,,,,,,,,,,,,,,,,,
寒舍艾麗酒店,"19,699","7,610","27,309","3,241","10,353",755,433,"4,373","1,063",378,"1,258","2,646","1,951",628,230,0,"27,309",
Humble House Hotel Taipei,,,,,,,,,,,,,,,,,,
總計,"859,995","386,912","1,246,907","167,065","291,241","373,237","42,566","96,148","37,187","14,205","43,343","97,239","47,674","12,356","15,655","8,991","1,246,907",
Total,,,,,,,,,,,,,,,,,,
,,,,,,,,,,,,,,,,,,
 ,,,,,,,,,,,,,,,,,,
列印日期：,2016/5/2,高雄地區 Kaohsiung,,資料期間：,,2016年1月至2016年3月(Data for 2016/1∼2016/3),,,,,,,,,,,,
,住客類別統計,,,各地區旅客人數統計,,,,,,,,,,,,,,
,No. of Guests by Type,,,No. of Guests by Country / Region,,,,,,,,,,,,,,
旅館名稱,FIT類別,GROUP類別,類別合計,本國?,大陸?,日本,韓國,港澳,新加坡,馬來西亞,其他亞洲地區,北美,歐洲,紐澳,其他,華僑,合計,
Hotel Name,FIT,GROUP,Total,Domestic,China,Japan,Korea,HK & Macao,Singapore,Malaysia,Asia(Other Asia Region),North American,Europe,NZ & AU,Other,Chinese Overseas,Total,
華王大飯店,"11,093","11,227","22,320","8,519","3,706","7,563",596,483,159,47,601,206,357,65,18,0,"22,320",
Hotel Kingdom,,,,,,,,,,,,,,,,,,
華園大飯店,"9,026","21,162","30,188","12,188","10,951","3,660","1,098",275,534,692,525,94,141,30,0,0,"30,188",
Hotel Holiday Garden Kaohsiung,,,,,,,,,,,,,,,,,,
高雄國賓大飯店,"23,343","28,945","52,288","17,149","15,102","13,819","2,608",681,178,97,344,"1,001",707,137,465,0,"52,288",
The Ambassador Hotel Kaohsiung,,,,,,,,,,,,,,,,,,
漢來大飯店,"40,013","15,538","55,551","21,116","8,000","7,093",0,0,0,0,"2,139","4,344","3,265","1,036","5,348","3,210","55,551",
Grand Hi-Lai Hotel,,,,,,,,,,,,,,,,,,
高雄福華大飯店,"28,626","8,945","37,571","13,989","5,424","10,499","1,813","1,168",430,495,522,970,"1,048",146,"1,067",0,"37,571",
Howard Plaza Hotel Kaohsiung,,,,,,,,,,,,,,,,,,
君鴻國際酒店,"21,947","36,823","58,770","23,667","13,152","7,023","7,126","2,666",661,452,702,"1,136","1,134",295,756,0,"58,770",
85 SKY TOWER HOTEL,,,,,,,,,,,,,,,,,,
寒軒國際大飯店,"20,417","17,204","37,621","17,002","11,109","6,038","1,000",528,227,212,577,376,456,45,51,0,"37,621",
Han-Hsien lnternational Hotel,,,,,,,,,,,,,,,,,,
麗尊大酒店,"17,028","7,394","24,422","10,840","5,849","3,425",814,"1,252",335,218,0,537,470,120,562,0,"24,422",
The Lees Hotel,,,,,,,,,,,,,,,,,,
福容大飯店 高雄,"10,560","13,848","24,408","12,760","8,798",291,88,"1,399",85,114,353,124,360,35,1,0,"24,408",
Fullon Hotel Kaohsiung,,,,,,,,,,,,,,,,,,
總計,"182,053","161,086","343,139","137,230","82,091","59,411","15,143","8,452","2,609","2,327","5,763","8,788","7,938","1,909","8,268","3,210","343,139",
Total,,,,,,,,,,,,,,,,,,
,,,,,,,,,,,,,,,,,,
 ,,,,,,,,,,,,,,,,,,
列印日期：,2016/5/2,臺中地區 Taichung,,資料期間：,,2016年1月至2016年3月(Data for 2016/1∼2016/3),,,,,,,,,,,,
,住客類別統計,,,各地區旅客人數統計,,,,,,,,,,,,,,
,No. of Guests by Type,,,No. of Guests by Country / Region,,,,,,,,,,,,,,
旅館名稱,FIT類別,GROUP類別,類別合計,本國?,大陸?,日本,韓國,港澳,新加坡,馬來西亞,其他亞洲地區,北美,歐洲,紐澳,其他,華僑,合計,
Hotel Name,FIT,GROUP,Total,Domestic,China,Japan,Korea,HK & Macao,Singapore,Malaysia,Asia(Other Asia Region),North American,Europe,NZ & AU,Other,Chinese Overseas,Total,
全國大飯店,"10,324","4,757","15,081","6,572","2,132","4,651",162,97,197,83,326,454,377,21,9,0,"15,081",
Hotel National,,,,,,,,,,,,,,,,,,
通豪大飯店,"3,661","8,284","11,945","5,728","3,670","2,134",128,51,13,6,66,25,2,0,122,0,"11,945",
Plaza International Hotel,,,,,,,,,,,,,,,,,,
長榮桂冠酒店(台中),"16,581","5,739","22,320","10,753","2,919","2,693",321,427,190,155,318,"2,540","1,656",141,207,0,"22,320",
Evergreen Laurel Hotel (Taichung),,,,,,,,,,,,,,,,,,
台中福華大飯店,"11,977","7,468","19,445","10,879","2,537","3,223",362,360,195,198,56,641,798,117,79,0,"19,445",
Howard Prince Hotel Taichung,,,,,,,,,,,,,,,,,,
台中金典酒店,"20,055","8,242","28,297","16,469","3,543","2,248",146,859,322,372,"2,107",835,"1,139",115,142,0,"28,297",
The Splendor Hotel Taichung,,,,,,,,,,,,,,,,,,
裕元花園酒店,"14,636","1,029","15,665","9,082",977,570,416,283,362,275,473,"1,971",897,171,156,32,"15,665",
Windsor Hotel,,,,,,,,,,,,,,,,,,
台中港酒店,"9,992","13,661","23,653","12,784","8,191",856,182,222,55,69,339,305,577,19,54,0,"23,653",
Taichung Harbor Hotel,,,,,,,,,,,,,,,,,,
總計,"87,226","49,180","136,406","72,267","23,969","16,375","1,717","2,299","1,334","1,158","3,685","6,771","5,446",584,769,32,"136,406",
Total,,,,,,,,,,,,,,,,,,
,,,,,,,,,,,,,,,,,,
 ,,,,,,,,,,,,,,,,,,
列印日期：,2016/5/2,花蓮地區 Hualien,,資料期間：,,2016年1月至2016年3月(Data for 2016/1∼2016/3),,,,,,,,,,,,
,住客類別統計,,,各地區旅客人數統計,,,,,,,,,,,,,,
,No. of Guests by Type,,,No. of Guests by Country / Region,,,,,,,,,,,,,,
旅館名稱,FIT類別,GROUP類別,類別合計,本國?,大陸?,日本,韓國,港澳,新加坡,馬來西亞,其他亞洲地區,北美,歐洲,紐澳,其他,華僑,合計,
Hotel Name,FIT,GROUP,Total,Domestic,China,Japan,Korea,HK & Macao,Singapore,Malaysia,Asia(Other Asia Region),North American,Europe,NZ & AU,Other,Chinese Overseas,Total,
花蓮亞士都飯店,"5,068","10,842","15,910","6,432","7,878","1,086",0,0,0,0,0,0,48,0,0,466,"15,910",
Astar Hotel,,,,,,,,,,,,,,,,,,
統帥大飯店,"16,435","9,376","25,811","16,393","3,801","4,828",12,575,0,47,69,0,45,0,29,12,"25,811",
Marshal Hotel,,,,,,,,,,,,,,,,,,
花蓮翰品酒店,"8,981","12,121","21,102","15,983","3,129","1,256",0,55,280,0,244,93,60,0,2,0,"21,102",
Hualien Chateau de Chine Hotel,,,,,,,,,,,,,,,,,,
美侖大飯店,"16,182","29,003","45,185","21,312","20,036","2,228",0,0,0,0,"1,429",52,41,0,0,87,"45,185",
Parkview Hotel,,,,,,,,,,,,,,,,,,
遠雄悅來大飯店,"30,765","11,586","42,351","39,071","2,524",89,11,65,68,33,181,67,37,3,202,0,"42,351",
"Farglory Hotel, Hualien",,,,,,,,,,,,,,,,,,
總計,"77,431","72,928","150,359","99,191","37,368","9,487",23,695,348,80,"1,923",212,231,3,233,565,"150,359",
Total,,,,,,,,,,,,,,,,,,
,,,,,,,,,,,,,,,,,,
 ,,,,,,,,,,,,,,,,,,
列印日期：,2016/5/2,風景區 Scenic Area,,資料期間：,,2016年1月至2016年3月(Data for 2016/1∼2016/3),,,,,,,,,,,,
,住客類別統計,,,各地區旅客人數統計,,,,,,,,,,,,,,
,No. of Guests by Type,,,No. of Guests by Country / Region,,,,,,,,,,,,,,
旅館名稱,FIT類別,GROUP類別,類別合計,本國?,大陸?,日本,韓國,港澳,新加坡,馬來西亞,其他亞洲地區,北美,歐洲,紐澳,其他,華僑,合計,
Hotel Name,FIT,GROUP,Total,Domestic,China,Japan,Korea,HK & Macao,Singapore,Malaysia,Asia(Other Asia Region),North American,Europe,NZ & AU,Other,Chinese Overseas,Total,
陽明山中國麗緻大飯店,"4,219",957,"5,176","1,780",616,26,0,0,0,0,539,88,59,22,"1,667",379,"5,176",
Hotel Landis China Yangmingshan,,,,,,,,,,,,,,,,,,
高雄圓山大飯店,"3,171","9,817","12,988","4,016","4,882","3,731",46,26,19,30,23,99,53,15,48,0,"12,988",
Grand Hotel Kaohsiung,,,,,,,,,,,,,,,,,,
礁溪老爺大酒店,"27,633","9,016","36,649","31,870","1,044",754,173,"1,939",175,52,36,480,76,50,0,0,"36,649",
Hotel Royal Chiao-His,,,,,,,,,,,,,,,,,,
涵碧樓大飯店,"12,322","1,729","14,051","11,496",308,871,17,254,164,30,64,614,149,75,9,0,"14,051",
The Lalu Sun Moon Lake,,,,,,,,,,,,,,,,,,
雲品溫泉酒店日月潭,"20,706","16,248","36,954","30,263",969,947,22,"2,472",91,14,387,"1,180",62,0,547,0,"36,954",
Fleur De Chine Hotel,,,,,,,,,,,,,,,,,,
日月行館,"4,816","2,623","7,439","6,752",538,23,0,28,4,8,8,34,12,7,25,0,"7,439",
Wen Wan Hotel & Resorts,,,,,,,,,,,,,,,,,,
凱撒大飯店,"45,554","14,030","59,584","49,323","7,833",352,221,873,54,17,24,371,486,30,0,0,"59,584",
Caesar Park Hotel Kenting,,,,,,,,,,,,,,,,,,
墾丁福華渡假飯店,"42,081","35,111","77,192","55,689","17,804",255,0,0,0,0,"2,011",823,486,42,82,0,"77,192",
Howard Beach Resort Kenting,,,,,,,,,,,,,,,,,,
東方渡假酒店,"2,851","1,265","4,116","4,023",44,8,0,16,0,0,0,21,4,0,0,0,"4,116",
Dong Fang Du Jia Jiudian Hotel,,,,,,,,,,,,,,,,,,
知本老爺大酒店,"22,234","5,218","27,452","24,255","1,140",506,0,0,0,0,0,0,0,0,"1,551",0,"27,452",
Hotel Royal Chihpen Spa,,,,,,,,,,,,,,,,,,
太魯閣晶英酒店,"10,313","3,496","13,809","10,444",755,226,0,0,0,0,713,876,704,45,46,0,"13,809",
"Silks Place Hotel, Taroko",,,,,,,,,,,,,,,,,,
福容大飯店 福隆,"2,541","1,741","4,282","3,895",43,5,0,0,21,3,55,1,8,7,244,0,"4,282",
Fulong Beach Resort Hotel,,,,,,,,,,,,,,,,,,
龍谷大飯店,"7,640","4,924","12,564","12,482",82,0,0,0,0,0,0,0,0,0,0,0,"12,564",
Dragon Valley Hotel,,,,,,,,,,,,,,,,,,
阿里山賓館,"2,430","1,042","3,472","2,598",425,41,5,104,12,11,39,36,9,6,186,0,"3,472",
Alishan House,,,,,,,,,,,,,,,,,,
名都觀光渡假大飯店,669,"7,364","8,033","1,929","6,104",0,0,0,0,0,0,0,0,0,0,0,"8,033",
Beau Max Resort Hotel,,,,,,,,,,,,,,,,,,
阿里山賓館(新館),"11,864","5,083","16,947","12,683","2,094",202,50,488,17,25,231,176,41,30,910,0,"16,947",
Alishan House,,,,,,,,,,,,,,,,,,
總計,"221,044","119,664","340,708","263,498","44,681","7,947",534,"6,200",557,190,"4,130","4,799","2,149",329,"5,315",379,"340,708",
Total,,,,,,,,,,,,,,,,,,
,,,,,,,,,,,,,,,,,,
 ,,,,,,,,,,,,,,,,,,
列印日期：,2016/5/2,桃竹苗地區 TauHsiuMiao,,資料期間：,,2016年1月至2016年3月(Data for 2016/1∼2016/3),,,,,,,,,,,,
,住客類別統計,,,各地區旅客人數統計,,,,,,,,,,,,,,
,No. of Guests by Type,,,No. of Guests by Country / Region,,,,,,,,,,,,,,
旅館名稱,FIT類別,GROUP類別,類別合計,本國?,大陸?,日本,韓國,港澳,新加坡,馬來西亞,其他亞洲地區,北美,歐洲,紐澳,其他,華僑,合計,
Hotel Name,FIT,GROUP,Total,Domestic,China,Japan,Korea,HK & Macao,Singapore,Malaysia,Asia(Other Asia Region),North American,Europe,NZ & AU,Other,Chinese Overseas,Total,
晶悅國際飯店(原桃園大飯店),"2,721","43,814","46,535","1,188","31,426",461,23,0,0,0,185,120,53,7,"13,036",36,"46,535",
Pleasant Hotels International,,,,,,,,,,,,,,,,,,
尊爵天際大飯店,"11,718","17,670","29,388","1,490","3,536",417,"12,741",0,0,0,605,834,966,230,"8,032",537,"29,388",
Ｍonarch-Skyline Hotel,,,,,,,,,,,,,,,,,,
南方莊園,"6,969","7,638","14,607","11,153","1,102",23,153,0,0,0,90,7,19,0,"1,693",367,"14,607",
South Gardens Resort,,,,,,,,,,,,,,,,,,
台北諾富特華航桃園機場飯店,"33,497","3,369","36,866","7,864","3,657","6,777",193,199,145,263,"9,114","5,048","2,696",525,385,0,"36,866",
Novotel Taipei Taoyuan International Airport,,,,,,,,,,,,,,,,,,
新竹喜來登大飯店,"33,856","4,343","38,199","15,404","2,142","1,101","1,277",444,"1,700",433,388,"11,299","1,730",162,"2,119",0,"38,199",
Sheraton Hsinchu Hotel,,,,,,,,,,,,,,,,,,
新竹老爺大酒店,"15,357","3,059","18,416","8,706","1,212","1,991",862,168,221,196,625,"2,382","1,346",42,665,0,"18,416",
Hotel Royal Hsinchu,,,,,,,,,,,,,,,,,,
新竹國賓大飯店,"22,164","1,434","23,598","10,498","1,041","1,545",762,289,590,176,698,"3,147","4,649",71,132,0,"23,598",
The Ambassador Hotel Hsinchu,,,,,,,,,,,,,,,,,,
尊爵大飯店,"5,556","14,169","19,725","1,126","2,011","2,758","6,947",357,132,194,"3,074","1,057",720,132,"1,217",0,"19,725",
Monarch Plaza Hotel,,,,,,,,,,,,,,,,,,
古華花園飯店,"18,771","13,298","32,069","9,971","7,970","1,717","2,648",937,492,506,635,"1,834",985,283,"4,091",0,"32,069",
Hotel Kuva Chateau,,,,,,,,,,,,,,,,,,
福容大飯店 桃園,"11,092","9,065","20,157","3,938","5,407","1,041","3,328","2,390",176,233,"1,374",498,504,117,"1,151",0,"20,157",
Fullon Hotel Taoyuan,,,,,,,,,,,,,,,,,,
福容大飯店 林口,"12,140","7,752","19,892","5,248","6,693","2,126","1,639",208,342,253,847,"1,117",742,83,594,0,"19,892",
Fullon Hotel Linkou,,,,,,,,,,,,,,,,,,
豐邑喜來登大飯店,"3,762",483,"4,245","1,711",238,122,141,50,188,48,46,"1,258",192,16,235,0,"4,245",
Glory Hotel,,,,,,,,,,,,,,,,,,
苗栗兆品酒店,"8,855","14,350","23,205","12,156","9,398",221,148,90,825,62,25,114,165,1,0,0,"23,205",
Miaoli Maison De Chine,,,,,,,,,,,,,,,,,,
總計,"186,458","140,444","326,902","90,453","75,833","20,300","30,862","5,132","4,811","2,364","17,706","28,715","14,767","1,669","33,350",940,"326,902",
Total,,,,,,,,,,,,,,,,,,
,,,,,,,,,,,,,,,,,,
 ,,,,,,,,,,,,,,,,,,
列印日期：,2016/5/2,其他地區 Other,,資料期間：,,2016年1月至2016年3月(Data for 2016/1∼2016/3),,,,,,,,,,,,
,住客類別統計,,,各地區旅客人數統計,,,,,,,,,,,,,,
,No. of Guests by Type,,,No. of Guests by Country / Region,,,,,,,,,,,,,,
旅館名稱,FIT類別,GROUP類別,類別合計,本國?,大陸?,日本,韓國,港澳,新加坡,馬來西亞,其他亞洲地區,北美,歐洲,紐澳,其他,華僑,合計,
Hotel Name,FIT,GROUP,Total,Domestic,China,Japan,Korea,HK & Macao,Singapore,Malaysia,Asia(Other Asia Region),North American,Europe,NZ & AU,Other,Chinese Overseas,Total,
福容大飯店 淡水漁人碼頭,"5,378","5,111","10,489","7,622",616,94,0,59,19,2,536,26,20,6,"1,489",0,"10,489",
Fullon Hotel Danshuei Fiahermen’s Wharf,,,,,,,,,,,,,,,,,,
大板根渡假酒店,"8,802","20,539","29,341","28,548",581,2,0,118,86,6,0,0,0,0,0,0,"29,341",
The Great Roots Resort Hotel,,,,,,,,,,,,,,,,,,
台南大飯店,"8,805","1,124","9,929","4,251","1,143","3,330",0,0,0,0,646,175,272,29,83,0,"9,929",
Hotel Tainan,,,,,,,,,,,,,,,,,,
大億麗緻酒店,"23,523","7,346","30,869","21,712","1,297","2,743",334,577,295,284,727,"1,669",972,119,140,0,"30,869",
Tayih Landis Tainan,,,,,,,,,,,,,,,,,,
台糖長榮酒店(台南),"24,479","4,266","28,745","23,451","1,745","1,353",0,0,0,0,978,551,518,136,13,0,"28,745",
Evergreen Plaza Hotel(Tainan),,,,,,,,,,,,,,,,,,
香格里拉台南遠東國際大飯店,"28,973","3,815","32,788","17,702","4,319","2,284",0,0,0,0,"2,327","3,737","1,921",326,172,0,"32,788",
"Shangri-La’s Far Eastern Plaza Hotel,Tainan",,,,,,,,,,,,,,,,,,
義大皇家酒店,"39,737","40,285","80,022","69,953","3,640",127,"2,968","2,111",111,169,501,241,90,45,66,0,"80,022",
E-DA Royal Hotel,,,,,,,,,,,,,,,,,,
蘭城晶英酒店,"25,014","2,297","27,311","25,191",153,22,14,"1,390",39,17,17,176,171,121,0,0,"27,311",
Silks Place Yilan,,,,,,,,,,,,,,,,,,
長榮鳳凰酒店(礁溪),"25,314","12,726","38,040","34,849","1,033",212,84,"1,181",141,57,61,299,60,45,18,0,"38,040",
Evergreen Resort Hotel(Jiaosi),,,,,,,,,,,,,,,,,,
娜路彎大酒店,"15,958","22,280","38,238","19,699","16,158",83,205,448,0,0,167,178,67,162,"1,071",0,"38,238",
Formosan Naruwan Hotel & Resort Taitung,,,,,,,,,,,,,,,,,,
澎湖福朋喜來登酒店,"5,887","2,977","8,864","8,711",44,6,0,16,7,0,0,74,0,0,6,0,"8,864",
Four Point by Sheraton Penghu,,,,,,,,,,,,,,,,,,
耐斯王子大飯店,"12,706","16,150","28,856","19,695","7,310",473,94,116,218,83,212,296,187,25,147,0,"28,856",
Nice Prince Hotel,,,,,,,,,,,,,,,,,,
帝景飯店,"3,184",0,"3,184","1,822",278,79,76,183,113,65,93,182,124,77,68,24,"3,184",
Dijin Hotel,,,,,,,,,,,,,,,,,,
福朋喜來登飯店,"11,289",827,"12,116","3,420","1,999",695,718,692,545,166,818,"2,133",657,103,170,0,"12,116",
"Four Points By Sheraton Taipei, Zhonghe",,,,,,,,,,,,,,,,,,
碧特弗大飯店,"1,567","4,336","5,903","1,483","4,095",38,46,38,50,12,17,52,20,9,20,23,"5,903",
Beautiful Hotel,,,,,,,,,,,,,,,,,,
美麗春天大飯店,"1,215","2,451","3,666","1,151","2,182",44,52,30,56,14,7,68,15,8,19,20,"3,666",
Beautiful Hotel,,,,,,,,,,,,,,,,,,
遠百企業觀光旅館,200,0,200,200,0,0,0,0,0,0,0,0,0,0,0,0,200,
Far Eastem Geant Tourist Hotel,,,,,,,,,,,,,,,,,,
幼獅大飯店,394,328,722,716,2,4,0,0,0,0,0,0,0,0,0,0,722,
Lion Hotel,,,,,,,,,,,,,,,,,,
山泉大飯店,"3,510","18,750","22,260","8,818","9,697",17,"2,072",0,0,0,"1,160",0,0,0,496,0,"22,260",
Sun Spring Resort,,,,,,,,,,,,,,,,,,
桂田酒店台東,"11,083","5,134","16,217","14,778",648,142,10,233,51,0,40,195,80,40,0,0,"16,217",
QUEENAPLAZA HOTEL TAITUNG,,,,,,,,,,,,,,,,,,
寶華大飯店,680,12,692,644,41,0,0,0,0,3,0,2,2,0,0,0,692,
Bowa Hotel,,,,,,,,,,,,,,,,,,
長榮桂冠酒店(基隆),"9,429","9,253","18,682","14,968","2,228",321,0,0,0,0,838,101,115,19,4,88,"18,682",
Evergreen Laurel Hotel (Keelung),,,,,,,,,,,,,,,,,,
鈺通大飯店,"2,483","5,879","8,362","2,239","3,597",142,814,0,0,0,137,16,14,9,"1,394",0,"8,362",
Yuh-Tong Hotel,,,,,,,,,,,,,,,,,,
總計,"269,610","185,886","455,496","331,623","62,806","12,211","7,487","7,192","1,731",878,"9,282","10,171","5,305","1,279","5,376",155,"455,496",
Total,,,,,,,,,,,,,,,,,,
