 ,客房數,客房住用數,住用率,平均房價,房租收入,餐飲收入,總營業收入,客房部,餐飲部,管理部,其他部門,員工合計,,
列印日期：,,2015/3/9,,資料期間：,,2014年1月至2014年12月(Data for 2014/1∼2014/12),,,,,,,,
,,住用及營收概況,,,,,,各部門職工概況(No. of Employees),,,,,,
地區名稱,,客房住用數,住用率,平均房價,房租收入,餐飲收入,總營業收入,客房部,餐飲部,管理部,其他部門,員工合計,,
Region,,No. of Rooms Occupied,Occupancy Rate,Average Room Rate,Room Revenue,F & B Revenue,Total Revenue,Room Dep.,F&B Dep.,Adm. Dep.,Other Dep.,Total,,
臺北地區 Taipei,國際Internation,"2,298,642",77.42%,"4,831","11,104,553,614","12,049,295,760","26,426,658,989","34,706","58,422","20,212","9,138","122,478",,
臺北地區 Taipei,一般Standard,"668,157",80.43%,"3,472","2,320,044,227","2,372,235,281","5,374,927,093","9,175","10,951","4,288","2,301","26,715",,
臺北地區 Taipei,小計SubTotal,"2,966,799",78.08%,"4,525","13,424,597,841","14,421,531,041","31,801,586,082","43,881","69,373","24,500","11,439","149,193",,
高雄地區 Kaohsiung,國際Internation,"790,745",72.38%,"2,383","1,884,090,902","2,461,049,237","5,040,091,469","9,726","15,506","4,307","4,046","33,585",,
高雄地區 Kaohsiung,一般Standard,"49,305",54.03%,"2,323","114,511,202","55,443,837","171,451,983",526,483,87,58,"1,154",,
高雄地區 Kaohsiung,小計SubTotal,"840,050",70.97%,"2,379","1,998,602,104","2,516,493,074","5,211,543,452","10,252","15,989","4,394","4,104","34,739",,
臺中地區 Taichung,國際Internation,"298,499",71.93%,"2,440","728,361,533","1,071,990,339","2,795,225,674","4,934","7,165","2,416","1,709","16,224",,
臺中地區 Taichung,一般Standard,"81,545",64.01%,"2,537","206,912,816","342,116,255","606,325,103","1,150","2,426",556,497,"4,629",,
臺中地區 Taichung,小計SubTotal,"380,044",70.07%,"2,461","935,274,349","1,414,106,594","3,401,550,777","6,084","9,591","2,972","2,206","20,853",,
花蓮地區 Hualien,國際Internation,"343,339",69.04%,"2,467","847,056,461","596,335,162","1,552,559,403","3,030","4,848","1,309","2,723","11,910",,
花蓮地區 Hualien,小計SubTotal,"343,339",69.04%,"2,467","847,056,461","596,335,162","1,552,559,403","3,030","4,848","1,309","2,723","11,910",,
風景區 Scenic Area,國際Internation,"583,618",70.32%,"5,417","3,161,231,195","1,699,618,076","5,448,833,840","9,147","10,278","4,031","8,019","31,475",,
風景區 Scenic Area,一般Standard,"97,117",45.37%,"2,694","261,622,364","110,608,655","403,846,073","1,056",866,579,573,"3,074",,
風景區 Scenic Area,小計SubTotal,"680,735",65.20%,"5,028","3,422,853,559","1,810,226,731","5,852,679,913","10,203","11,144","4,610","8,592","34,549",,
桃竹苗地區 TauHsiuMiao,國際Internation,"563,828",78.86%,"2,648","1,492,882,092","1,488,850,111","3,439,558,574","6,436","9,477","2,918","2,275","21,106",,
桃竹苗地區 TauHsiuMiao,一般Standard,"283,635",59.05%,"2,389","677,530,064","632,694,383","1,399,230,047","2,920","4,672","1,102","1,154","9,848",,
桃竹苗地區 TauHsiuMiao,小計SubTotal,"847,463",70.90%,"2,561","2,170,412,156","2,121,544,494","4,838,788,621","9,356","14,149","4,020","3,429","30,954",,
其他地區 Other,國際Internation,"626,732",64.55%,"3,651","2,288,480,958","2,437,684,881","5,333,354,201","8,965","14,817","5,477","3,919","33,178",,
其他地區 Other,一般Standard,"199,518",61.10%,"2,351","469,145,389","185,357,354","716,623,389","2,183","1,741",951,407,"5,282",,
其他地區 Other,小計SubTotal,"826,250",63.68%,"3,338","2,757,626,347","2,623,042,235","6,049,977,590","11,148","16,558","6,428","4,326","38,460",,
,總計 Total,"6,884,680",72.02%,3712,"25,556,422,817","25,503,279,331","58,708,685,838","93,954","141,652","48,233","36,819","320,658",,
,,,,,,,,,,,,,,
類別,客房數,客房住用數,住用率,平均房價,房租收入,餐飲收入,總營業收入,客房部,餐飲部,管理部,其他部門,員工合計,,
Kind,No. of Rooms,No. of Rooms Occupied,Occupancy Rate,Average Room Rate,Room Revenue,F & B Revenue,Total Revenue,Room Dep.,F&B Dep.,Adm. Dep.,Other Dep.,Total,,
國際Internation,"246,195","5,505,403",73.51%,3906,"21,506,656,755","21,804,823,566","50,036,282,150","76,944","120,513","40,670","31,829","269,956",,
一般Standard,"68,059","1,379,277",66.62%,2936,"4,049,766,062","3,698,455,765","8,672,403,688","17,010","21,139","7,563","4,990","50,702",,
小計SubTotal,"314,254","6,884,680",72.02%,3712,"25,556,422,817","25,503,279,331","58,708,685,838","93,954","141,652","48,233","36,819","320,658",,
,,,,,,,,,,,,,,
 ,,,,,,,,,,,,,,
列印日期：,2015/3/9,臺北地區 Taipei,,資料期間：,,2014年1月至2014年12月(Data for 2014/1∼2014/12),,,,,,,,
,住用及營收概況,,,,,各部門職工概況(No. of Employees),,,,,,,,
旅館名稱,客房數,客房住用數,住用率,平均房價,房租收入,餐飲收入,總營業收入,客房部,餐飲部,管理部,其他部門,員工合計,,
Hotel Name,No. of Rooms,No. of Rooms Occupied,Occupancy Rate,Average Room Rate,Room Revenue,F & B Revenue,Total Revenue,Room Dep.,F&B Dep.,Adm. Dep.,Other Dep.,Total,,
圓山大飯店,"4,443","82,896",61.22%,"4,264","353,493,473","543,268,182","1,054,685,232","2,082","2,444","1,499",676,"6,701",,
The Grand Hotel,,,,,,,,,,,,,,
國賓大飯店,"5,064","124,377",80.75%,"4,090","508,706,098","1,083,855,720","1,730,648,624","1,520","3,375",476,639,"6,010",,
The Ambassador Hotel,,,,,,,,,,,,,,
台北華國大飯店,"3,912","100,481",84.44%,"2,832","284,609,886","153,708,246","472,286,345","1,024",879,48,525,"2,476",,
Imperial Hotel Taipei,,,,,,,,,,,,,,
華泰王子大飯店,"2,466","63,655",84.90%,"3,273","208,347,666","133,973,215","371,635,335",962,"1,171",849,124,"3,106",,
Gloria Prince Hotel,,,,,,,,,,,,,,
國王大飯店,"1,176","29,668",82.94%,"1,541","45,726,922","12,184,399","59,709,532",396,132,240,0,768,,
Emperor Hotel,,,,,,,,,,,,,,
豪景大酒店,"2,492","65,547",86.47%,"2,344","153,654,667","38,495,443","195,352,673",676,327,232,0,"1,235",,
Hotel Riverview Taipei,,,,,,,,,,,,,,
台北凱撒大飯店,"5,736","161,548",92.59%,"3,655","590,392,586","231,580,519","886,837,075",938,"1,161",273,586,"2,958",,
Caesar Park Hotel Taipei,,,,,,,,,,,,,,
康華大飯店,"2,580","64,099",81.68%,"2,926","187,561,152","150,892,316","352,339,109",726,"1,084",457,0,"2,267",,
Golden China Hotel,,,,,,,,,,,,,,
神旺大飯店,"3,216","92,175",94.23%,"3,212","296,101,961","384,892,889","740,098,126","1,117","2,858",801,0,"4,776",,
San Want Hotel,,,,,,,,,,,,,,
兄弟大飯店,"3,000","80,239",87.93%,"2,925","234,680,178","492,320,103","772,948,456","1,320","3,540",864,156,"5,880",,
Brother Hotel,,,,,,,,,,,,,,
三德大飯店,"3,440","89,989",86.00%,"2,786","250,729,491","129,246,844","390,518,254",909,867,423,254,"2,453",,
Santos Hotel,,,,,,,,,,,,,,
亞都麗緻大飯店,"2,508","63,718",83.53%,"4,772","304,045,416","208,841,887","581,767,224",874,"1,510",428,565,"3,377",,
The Landis Taipei Hotel,,,,,,,,,,,,,,
國聯大飯店,"2,916","62,359",70.31%,"2,820","175,829,511","44,445,209","244,895,919",774,378,60,480,"1,692",,
United Hotel,,,,,,,,,,,,,,
台北寒舍喜來登大飯店,"8,256","185,162",73.73%,"6,103","1,130,044,781","1,427,777,446","2,868,330,396","2,766","5,393","2,217",561,"10,937",,
Sheraton Taipei Hotel,,,,,,,,,,,,,,
老爺大酒店,"2,424","67,722",91.85%,"4,769","322,970,947","289,085,943","697,349,123",908,"1,679",283,553,"3,423",,
Hotel Royal Taipei,,,,,,,,,,,,,,
福華大飯店,"7,272","165,820",74.97%,"4,196","695,832,000","647,478,000","1,584,398,000","2,963","4,405",959,946,"9,273",,
Howard Plaza Hotel,,,,,,,,,,,,,,
台北君悅酒店,"8,388","170,966",66.81%,"6,556","1,120,891,725","1,105,467,444","2,502,528,914","1,759","4,197","2,212",861,"9,029",,
Grand Hyatt Taipei,,,,,,,,,,,,,,
晶華酒店,"6,456","158,492",80.71%,"5,931","939,980,240","1,624,745,761","3,330,169,655","3,258","7,031","1,917",284,"12,490",,
The Regent Taipei,,,,,,,,,,,,,,
西華大飯店,"4,116","87,744",70.09%,"5,707","500,785,899","369,108,119","975,487,956","1,726","2,755",679,700,"5,860",,
The Sherwood Hotel Taipei,,,,,,,,,,,,,,
遠東國際大飯店,"5,040","73,867",48.18%,"7,379","545,085,796","681,778,660","1,426,337,763","2,236","3,024",839,998,"7,097",,
Far Eastern Plaza Hotel (Taipei),,,,,,,,,,,,,,
台北威斯汀六福皇宮,"3,456","75,925",72.23%,"6,080","461,636,732","648,656,934","1,262,353,327","1,653","3,634","1,487",0,"6,774",,
The Westin Taipei,,,,,,,,,,,,,,
美麗信花園酒店,"2,436","65,456",88.34%,"2,358","154,370,397","82,320,116","334,213,221",933,638,404,0,"1,975",,
Miramar Garden Taipei,,,,,,,,,,,,,,
台北寒舍艾美酒店,"1,920","45,807",78.44%,"9,775","447,751,993","810,889,640","1,403,243,740","1,001","3,372","1,097",230,"5,700",,
Le Meridien Taipei Hotel,,,,,,,,,,,,,,
台北W飯店,"4,860","120,930",81.81%,"9,851","1,191,324,097","754,282,725","2,188,524,990","2,185","2,568","1,468",0,"6,221",,
W Taipei,,,,,,,,,,,,,,
亞士都飯店,480,"11,120",76.16%,"2,556","28,417,731",0,"28,417,731",154,0,84,0,238,,
Astar Hotel,,,,,,,,,,,,,,
第一大飯店,"2,112","57,731",89.87%,"1,898","109,595,247","54,967,227","369,017,610",161,0,181,172,514,,
First Hotel,,,,,,,,,,,,,,
六福客棧,"2,712","67,907",82.32%,"1,681","114,182,027","124,269,263","250,372,240",484,662,145,181,"1,472",,
The Leofoo Hotel,,,,,,,,,,,,,,
帝后大飯店,816,"16,868",67.96%,"1,734","29,254,317","654,785","29,909,102",192,48,48,0,288,,
Empress Hotel,,,,,,,,,,,,,,
華華大飯店,"1,344","33,276",81.40%,"1,637","54,470,762",0,"56,059,802",288,0,240,144,672,,
Hotel Flowers,,,,,,,,,,,,,,
歐華酒店,"1,344","31,307",76.58%,"3,133","98,094,132","76,528,112","194,308,510",585,571,347,0,"1,503",,
The Riviera Hotel,,,,,,,,,,,,,,
慶泰大飯店,"1,800","46,573",85.06%,"3,078","143,334,558","94,531,917","246,070,296",429,666,344,168,"1,607",,
Gala Hotel,,,,,,,,,,,,,,
天成大飯店,"2,700","78,424",95.49%,"2,982","233,869,176","416,893,656","708,998,402",855,896,156,111,"2,018",,
Cosmos Hotel,,,,,,,,,,,,,,
福容大飯店 台北,"1,440","30,641",69.96%,"3,741","114,631,865","173,354,371","311,643,988",581,"1,155",145,84,"1,965",,
The Fullon Hotel Taipei,,,,,,,,,,,,,,
首都大飯店,"1,548","39,181",83.21%,"4,392","172,065,048","62,884,591","249,752,709",503,719,196,406,"1,824",,
Capital Hotel,,,,,,,,,,,,,,
台北君品大酒店,"3,432","85,133",81.55%,"5,000","425,650,125","596,457,057","1,086,375,186","1,521","2,125",700,63,"4,409",,
Palais De Chine Hotel Taipei,,,,,,,,,,,,,,
台北花園大酒店,"2,892","82,518",93.81%,"2,390","197,217,272","291,409,132","552,566,695",807,"1,416",326,270,"2,819",,
Taipei Garden Hotel,,,,,,,,,,,,,,
日勝生加賀屋國際溫泉飯店,"1,081","16,862",51.28%,"7,276","122,686,641","130,191,844","323,412,656","1,012",681,338,162,"2,193",,
Radium-Kagaya,,,,,,,,,,,,,,
北投麗禧溫泉酒店,792,"14,601",60.61%,"9,818","143,347,566","109,405,452","330,556,686",579,791,30,540,"1,940",,
Grand View Resort,,,,,,,,,,,,,,
寒舍艾麗酒店,"2,820","56,015",65.30%,"5,949","333,227,760","240,687,874","637,465,480","1,024","1,221","1,008",0,"3,253",,
Humble House Hotel Taipei,,,,,,,,,,,,,,
總計,"124,886","2,966,799",78.08%,"4,525","13,424,597,841","14,421,531,041","31,801,586,082","43,881","69,373","24,500","11,439","149,193",,
Total,,,,,,,,,,,,,,
,,,,,,,,,,,,,,
 ,,,,,,,,,,,,,,
列印日期：,2015/3/9,高雄地區 Kaohsiung,,資料期間：,,2014年1月至2014年12月(Data for 2014/1∼2014/12),,,,,,,,
,住用及營收概況,,,,,各部門職工概況(No. of Employees),,,,,,,,
旅館名稱,客房數,客房住用數,住用率,平均房價,房租收入,餐飲收入,總營業收入,客房部,餐飲部,管理部,其他部門,員工合計,,
Hotel Name,No. of Rooms,No. of Rooms Occupied,Occupancy Rate,Average Room Rate,Room Revenue,F & B Revenue,Total Revenue,Room Dep.,F&B Dep.,Adm. Dep.,Other Dep.,Total,,
華王大飯店,"3,565","56,931",52.50%,"1,647","93,775,995","54,941,710","152,023,332",555,470,477,26,"1,528",,
Hotel Kingdom,,,,,,,,,,,,,,
華園大飯店,"3,228","53,955",54.95%,"2,157","116,385,026","80,998,624","206,097,047",582,583,404,0,"1,569",,
Hotel Holiday Garden Kaohsiung,,,,,,,,,,,,,,
高雄國賓大飯店,"5,436","127,119",76.88%,"2,157","274,208,698","418,906,323","721,514,382","1,595","2,076",194,547,"4,412",,
The Ambassador Hotel Kaohsiung,,,,,,,,,,,,,,
漢來大飯店,"6,480","147,897",75.04%,"3,187","471,283,286","763,488,212","1,638,923,431","2,184","5,008",220,"1,977","9,389",,
Grand Hi-Lai Hotel,,,,,,,,,,,,,,
高雄福華大飯店,"3,252","91,240",92.24%,"2,029","185,162,000","220,396,000","448,330,000","1,128","1,563",389,257,"3,337",,
Howard Plaza Hotel Kaohsiung,,,,,,,,,,,,,,
君鴻國際酒店,"7,020","154,103",72.17%,"2,578","397,216,969","417,981,105","981,124,019","1,647","2,965","1,966",611,"7,189",,
85 SKY TOWER HOTEL,,,,,,,,,,,,,,
寒軒國際大飯店,"4,560","101,800",73.40%,"2,137","217,523,980","285,156,287","523,530,244","1,357","1,571",417,364,"3,709",,
Han-Hsien lnternational Hotel,,,,,,,,,,,,,,
麗尊大酒店,"2,376","57,700",79.84%,"2,228","128,534,948","219,180,976","368,549,014",678,"1,270",240,264,"2,452",,
The Lees Hotel,,,,,,,,,,,,,,
福容大飯店 高雄,"3,000","49,305",54.03%,"2,323","114,511,202","55,443,837","171,451,983",526,483,87,58,"1,154",,
Fullon Hotel Kaohsiung,,,,,,,,,,,,,,
總計,"38,917","840,050",70.97%,"2,379","1,998,602,104","2,516,493,074","5,211,543,452","10,252","15,989","4,394","4,104","34,739",,
Total,,,,,,,,,,,,,,
,,,,,,,,,,,,,,
 ,,,,,,,,,,,,,,
列印日期：,2015/3/9,臺中地區 Taichung,,資料期間：,,2014年1月至2014年12月(Data for 2014/1∼2014/12),,,,,,,,
,住用及營收概況,,,,,各部門職工概況(No. of Employees),,,,,,,,
旅館名稱,客房數,客房住用數,住用率,平均房價,房租收入,餐飲收入,總營業收入,客房部,餐飲部,管理部,其他部門,員工合計,,
Hotel Name,No. of Rooms,No. of Rooms Occupied,Occupancy Rate,Average Room Rate,Room Revenue,F & B Revenue,Total Revenue,Room Dep.,F&B Dep.,Adm. Dep.,Other Dep.,Total,,
全國大飯店,"2,136","44,473",68.45%,"2,152","95,701,324","215,464,400","349,705,969",683,"1,741",304,320,"3,048",,
Hotel National,,,,,,,,,,,,,,
通豪大飯店,"2,736","49,633",59.64%,"1,747","86,696,056","102,015,150","199,374,044",704,"1,213",377,177,"2,471",,
Plaza International Hotel,,,,,,,,,,,,,,
長榮桂冠酒店(台中),"4,248","99,757",77.21%,"2,494","248,816,428","295,127,732","617,237,000",982,"1,372",714,0,"3,068",,
Evergreen Laurel Hotel (Taichung),,,,,,,,,,,,,,
台中福華大飯店,"1,860","41,093",72.63%,"2,671","109,745,409","181,721,432","328,133,611",591,"1,220",225,375,"2,411",,
Howard Prince Hotel Taichung,,,,,,,,,,,,,,
台中金典酒店,"2,664","63,543",78.42%,"2,949","187,402,316","277,661,625","1,300,775,050","1,974","1,619",796,837,"5,226",,
The Splendor Hotel,,,,,,,,,,,,,,
裕元花園酒店,"1,788","40,211",73.94%,"3,415","137,301,997","295,117,555","483,237,257",718,"1,859",247,342,"3,166",,
Windsor Hotel,,,,,,,,,,,,,,
台中港酒店,"2,400","41,334",56.62%,"1,684","69,610,819","46,998,700","123,087,846",432,567,309,155,"1,463",,
Taichung Harbor Hotel,,,,,,,,,,,,,,
總計,"17,832","380,044",70.07%,"2,461","935,274,349","1,414,106,594","3,401,550,777","6,084","9,591","2,972","2,206","20,853",,
Total,,,,,,,,,,,,,,
,,,,,,,,,,,,,,
 ,,,,,,,,,,,,,,
列印日期：,2015/3/9,花蓮地區 Hualien,,資料期間：,,2014年1月至2014年12月(Data for 2014/1∼2014/12),,,,,,,,
,住用及營收概況,,,,,各部門職工概況(No. of Employees),,,,,,,,
旅館名稱,客房數,客房住用數,住用率,平均房價,房租收入,餐飲收入,總營業收入,客房部,餐飲部,管理部,其他部門,員工合計,,
Hotel Name,No. of Rooms,No. of Rooms Occupied,Occupancy Rate,Average Room Rate,Room Revenue,F & B Revenue,Total Revenue,Room Dep.,F&B Dep.,Adm. Dep.,Other Dep.,Total,,
花蓮亞士都飯店,"2,004","45,358",74.41%,"1,540","69,838,742","14,516,214","84,834,661",263,169,88,0,520,,
Astar Hotel,,,,,,,,,,,,,,
統帥大飯店,"3,240","66,605",67.58%,"1,428","95,122,301","72,660,505","172,072,601",399,726,291,60,"1,476",,
Marshal Hotel,,,,,,,,,,,,,,
花蓮翰品酒店,"2,419","48,402",65.79%,"2,163","104,696,916","141,156,624","257,335,520",689,906,258,0,"1,853",,
Hualien Chateau de Chine Hotel,,,,,,,,,,,,,,
美侖大飯店,"4,116","97,687",78.03%,"2,490","243,252,447","173,291,229","435,291,296",956,"1,450",131,752,"3,289",,
Parkview Hotel,,,,,,,,,,,,,,
遠雄悅來大飯店,"4,572","85,287",61.33%,"3,918","334,146,055","194,710,590","603,025,325",723,"1,597",541,"1,911","4,772",,
"Farglory Hotel, Hualien",,,,,,,,,,,,,,
總計,"16,351","343,339",69.04%,"2,467","847,056,461","596,335,162","1,552,559,403","3,030","4,848","1,309","2,723","11,910",,
Total,,,,,,,,,,,,,,
,,,,,,,,,,,,,,
 ,,,,,,,,,,,,,,
列印日期：,2015/3/9,風景區 Scenic Area,,資料期間：,,2014年1月至2014年12月(Data for 2014/1∼2014/12),,,,,,,,
,住用及營收概況,,,,,各部門職工概況(No. of Employees),,,,,,,,
旅館名稱,客房數,客房住用數,住用率,平均房價,房租收入,餐飲收入,總營業收入,客房部,餐飲部,管理部,其他部門,員工合計,,
Hotel Name,No. of Rooms,No. of Rooms Occupied,Occupancy Rate,Average Room Rate,Room Revenue,F & B Revenue,Total Revenue,Room Dep.,F&B Dep.,Adm. Dep.,Other Dep.,Total,,
陽明山中國麗緻大飯店,564,"8,629",50.30%,"4,656","40,179,737","31,848,705","100,322,580",129,120,112,161,522,,
Hotel Landis China Yangmingshan,,,,,,,,,,,,,,
曾文.山芙蓉渡假大酒店,"2,226","27,412",40.50%,"1,770","48,516,116","29,173,196","80,191,866",287,279,0,277,843,,
The Hibiscus Resort,,,,,,,,,,,,,,
高雄圓山大飯店,"1,284","28,179",72.15%,"1,792","50,502,290","133,171,146","203,374,177",383,"1,020",180,633,"2,216",,
Grand Hotel Kaohsiung,,,,,,,,,,,,,,
礁溪老爺大酒店,"2,316","55,547",78.85%,"6,851","380,569,664","263,353,168","747,486,303",978,"1,372",817,554,"3,721",,
Hotel Royal Chiao-His,,,,,,,,,,,,,,
長榮鳳凰酒店(礁溪),"2,772","60,586",71.86%,"6,019","364,667,389","236,592,999","718,517,779","1,255","1,224",643,527,"3,649",,
Evergreen Resort Hotel(Jiaosi),,,,,,,,,,,,,,
涵碧樓大飯店,"1,152","29,160",83.22%,"10,989","320,437,855","131,199,722","527,763,783",621,889,233,"1,380","3,123",,
The Lalu Sun Moon Lake,,,,,,,,,,,,,,
雲品溫泉酒店日月潭,"2,532","58,585",76.07%,"7,425","434,988,300","259,197,351","743,636,684","1,139","1,529",706,308,"3,682",,
Fleur De Chine Hotel,,,,,,,,,,,,,,
日月行館,"1,093","14,126",42.49%,"10,834","153,034,227","87,196,077","247,338,237",404,558,230,315,"1,507",,
Wen Wan Hotel & Resorts,,,,,,,,,,,,,,
凱撒大飯店,"3,372","90,594",88.33%,"5,674","513,997,211","174,642,524","731,416,053","1,224","1,040",249,979,"3,492",,
Caesar Park Hotel Kenting,,,,,,,,,,,,,,
墾丁福華渡假飯店,"4,860","114,579",77.51%,"3,784","433,554,875","146,791,707","631,463,645","1,316",901,0,"1,629","3,846",,
Howard Beach Resort Kenting,,,,,,,,,,,,,,
東方渡假酒店,"1,008","8,593",27.90%,"2,468","21,210,438","12,471,085","34,463,242",224,148,17,46,435,,
Dong Fang Du Jia Jiudian Hotel,,,,,,,,,,,,,,
知本老爺大酒店,"2,184","51,191",77.06%,"3,826","195,850,248","107,246,108","350,962,832",562,754,504,848,"2,668",,
Hotel Royal Chihpen Spa,,,,,,,,,,,,,,
太魯閣晶英酒店,"1,920","36,437",62.39%,"5,591","203,722,845","86,734,288","331,896,659",625,444,340,362,"1,771",,
"Silks Place Hotel, Taroko",,,,,,,,,,,,,,
龍谷大飯店,"2,268","22,608",32.77%,"1,661","37,562,561","22,054,722","63,802,744",195,121,110,117,543,,
Dragon Valley Hotel,,,,,,,,,,,,,,
水沙蓮觀光大飯店,652,"1,633",8.23%,"3,163","5,165,425","311,341","5,476,766",22,9,11,6,48,,
El Dorado Hotel,,,,,,,,,,,,,,
阿里山賓館,420,"4,968",38.89%,"5,222","25,945,308",0,"25,945,308",60,0,42,36,138,,
Alishan House,,,,,,,,,,,,,,
名都觀光渡假大飯店,"1,189","21,214",58.66%,"1,671","35,458,238","34,744,287","72,087,518",310,437,163,60,970,,
Beau Max Resort Hotel,,,,,,,,,,,,,,
朝麗阿里山賓館,"1,248","22,688",59.77%,"5,642","127,998,545","36,743,800","175,073,060",325,203,133,126,787,,
Alishan House,,,,,,,,,,,,,,
南台灣觀光大飯店,"1,260","24,006",62.64%,"1,229","29,492,287","16,754,505","61,460,677",144,96,120,228,588,,
South Formosa Hotel,,,,,,,,,,,,,,
總計,"34,320","680,735",65.20%,"5,028","3,422,853,559","1,810,226,731","5,852,679,913","10,203","11,144","4,610","8,592","34,549",,
Total,,,,,,,,,,,,,,
,,,,,,,,,,,,,,
 ,,,,,,,,,,,,,,
列印日期：,2015/3/9,桃竹苗地區 TauHsiuMiao,,資料期間：,,2014年1月至2014年12月(Data for 2014/1∼2014/12),,,,,,,,
,住用及營收概況,,,,,各部門職工概況(No. of Employees),,,,,,,,
旅館名稱,客房數,客房住用數,住用率,平均房價,房租收入,餐飲收入,總營業收入,客房部,餐飲部,管理部,其他部門,員工合計,,
Hotel Name,No. of Rooms,No. of Rooms Occupied,Occupancy Rate,Average Room Rate,Room Revenue,F & B Revenue,Total Revenue,Room Dep.,F&B Dep.,Adm. Dep.,Other Dep.,Total,,
桃園大飯店,"4,656","125,923",88.92%,"1,205","151,749,953","90,766,436","270,865,847",900,946,437,190,"2,473",,
Taoyuan Hotel,,,,,,,,,,,,,,
尊爵天際大飯店,"3,000","75,486",82.72%,"2,473","186,639,578","91,331,680","298,357,318",549,798,276,185,"1,808",,
Ｍonarch-Skyline Hotel,,,,,,,,,,,,,,
南方莊園,"1,332","24,856",61.35%,"4,108","102,117,171","137,766,426","301,285,095",448,927,358,343,"2,076",,
South Gardens Resort,,,,,,,,,,,,,,
台北諾富特華航桃園機場飯店,"4,305","117,032",89.38%,"2,583","302,339,061","171,339,472","527,126,051","1,061","1,202",625,192,"3,080",,
Novotel Taipei Taoyuan International Airport,,,,,,,,,,,,,,
新竹喜來登大飯店,"4,632","102,833",72.99%,"3,705","380,987,773","483,113,484","975,690,756","1,636","2,005",242,997,"4,880",,
Sheraton Hsinchu Hotel,,,,,,,,,,,,,,
新竹老爺大酒店,"2,496","52,101",68.63%,"2,916","151,919,398","159,212,114","327,847,836",573,"1,099",546,171,"2,389",,
Hotel Royal Hsinchu,,,,,,,,,,,,,,
新竹國賓大飯店,"3,084","65,597",69.93%,"3,310","217,129,158","355,320,499","738,385,671","1,269","2,500",434,197,"4,400",,
The Ambassador Hotel Hsinchu,,,,,,,,,,,,,,
尊爵大飯店,"2,771","64,093",76.04%,"2,290","146,779,376","208,479,751","382,004,821",628,"1,193",480,398,"2,699",,
Monarch Plaza Hotel,,,,,,,,,,,,,,
古華花園飯店,"2,928","76,788",86.21%,"2,505","192,365,300","164,069,042","389,675,290",673,"1,388",107,295,"2,463",,
Hotel Kuva Chateau,,,,,,,,,,,,,,
福容大飯店 桃園,"2,184","52,492",79.02%,"2,130","111,831,531","67,539,428","192,678,033",384,564,96,120,"1,164",,
Fullon Hotel Taoyuan,,,,,,,,,,,,,,
福容大飯店 林口,"1,783","47,863",88.26%,"2,742","131,262,435","96,578,331","231,260,717",385,717,109,73,"1,284",,
Fullon Hotel Linkou,,,,,,,,,,,,,,
豐邑喜來登大飯店,"4,668","11,426",8.05%,"3,705","42,331,973","41,900,363","92,339,112",430,367,58,268,"1,123",,
Glory Hotel,,,,,,,,,,,,,,
苗栗兆品酒店,"1,457","30,973",69.87%,"1,710","52,959,449","54,127,468","111,272,074",420,443,252,0,"1,115",,
Miaoli Maison De Chine,,,,,,,,,,,,,,
總計,"39,296","847,463",70.90%,"2,561","2,170,412,156","2,121,544,494","4,838,788,621","9,356","14,149","4,020","3,429","30,954",,
Total,,,,,,,,,,,,,,
,,,,,,,,,,,,,,
 ,,,,,,,,,,,,,,
列印日期：,2015/3/9,其他地區 Other,,資料期間：,,2014年1月至2014年12月(Data for 2014/1∼2014/12),,,,,,,,
,住用及營收概況,,,,,各部門職工概況(No. of Employees),,,,,,,,
旅館名稱,客房數,客房住用數,住用率,平均房價,房租收入,餐飲收入,總營業收入,客房部,餐飲部,管理部,其他部門,員工合計,,
Hotel Name,No. of Rooms,No. of Rooms Occupied,Occupancy Rate,Average Room Rate,Room Revenue,F & B Revenue,Total Revenue,Room Dep.,F&B Dep.,Adm. Dep.,Other Dep.,Total,,
福容大飯店 淡水漁人碼頭,"2,376","28,060",38.83%,"5,189","145,599,000","213,888,530","417,042,014",540,"1,350",381,210,"2,481",,
Fullon Hotel Danshuei Fiahermen’s Wharf,,,,,,,,,,,,,,
大板根渡假酒店,"1,140","29,858",86.11%,"4,620","137,931,421","156,728,310","433,606,871",460,936,53,"1,478","2,927",,
The Great Roots Resort Hotel,,,,,,,,,,,,,,
台南大飯店,"1,824","31,366",56.54%,"1,783","55,926,676","130,061,575","213,365,960",481,"1,054",477,0,"2,012",,
Hotel Tainan,,,,,,,,,,,,,,
大億麗緻酒店,"3,780","80,146",69.71%,"3,289","263,588,894","316,820,092","648,069,097","1,146","2,207",761,0,"4,114",,
Tayih Landis Tainan,,,,,,,,,,,,,,
台糖長榮酒店(台南),"2,364","60,550",84.21%,"2,705","163,797,966","290,147,112","469,391,579",676,986,223,228,"2,113",,
Evergreen Plaza Hotel(Tainan),,,,,,,,,,,,,,
香格里拉台南遠東國際大飯店,"3,998","95,798",78.78%,"3,587","343,670,853","300,694,680","728,229,766","1,631","2,090",890,249,"4,860",,
"Shangri-La’s Far Eastern Plaza Hotel,Tainan",,,,,,,,,,,,,,
義大皇家酒店,"7,872","130,284",54.41%,"3,821","497,788,014","345,837,300","886,077,666","1,446","2,395","1,536",688,"6,065",,
E-DA Royal Hotel,,,,,,,,,,,,,,
蘭城晶英酒店,"2,316","45,258",64.25%,"6,244","282,584,709","361,250,740","737,551,374",749,"2,126",314,303,"3,492",,
Silks Place Yilan,,,,,,,,,,,,,,
娜路彎大酒店,"3,312","70,546",70.03%,"3,601","254,065,692","122,056,454","438,318,880","1,078",605,477,580,"2,740",,
Formosan Naruwan Hotel & Resort Taitung,,,,,,,,,,,,,,
耐斯王子大飯店,"2,940","54,866",61.35%,"2,616","143,527,733","200,200,088","361,700,994",758,"1,068",365,183,"2,374",,
Nice Prince Hotel,,,,,,,,,,,,,,
帝景飯店,720,"12,452",56.86%,"2,940","36,606,988","69,800","36,723,105",72,30,47,114,263,,
Dijin Hotel,,,,,,,,,,,,,,
福朋喜來登飯店,"1,512","35,986",78.25%,"2,882","103,715,548","62,040,102","186,052,542",390,519,222,106,"1,237",,
"Four Points By Sheraton Taipei, Zhonghe",,,,,,,,,,,,,,
碧特弗大飯店,648,"15,371",77.99%,"2,415","37,128,303","5,864,764","42,993,067",144,132,120,0,396,,
Beautiful Hotel,,,,,,,,,,,,,,
美麗春天大飯店,408,"9,914",79.89%,"2,436","24,146,683","4,985,332","29,132,015",120,96,36,0,252,,
Beautiful Hotel,,,,,,,,,,,,,,
遠百企業觀光旅館,480,"1,687",11.55%,"1,661","2,802,800",0,"2,802,800",153,10,113,0,276,,
Far Eastem Geant Tourist Hotel,,,,,,,,,,,,,,
幼獅大飯店,648,"4,972",25.23%,"1,808","8,990,461",0,"9,808,951",45,12,24,35,116,,
Lion Hotel,,,,,,,,,,,,,,
山泉大飯店,"2,004","39,218",64.34%,"2,097","82,231,157","16,052,631","102,395,345",432,168,72,0,672,,
Sun Spring Resort,,,,,,,,,,,,,,
桂田酒店台東,290,"1,997",22.21%,"2,181","4,355,388","5,378,180","9,733,568",10,30,20,0,60,,
QUEENAPLAZA HOTEL TAITUNG,,,,,,,,,,,,,,
寶華大飯店,936,"9,690",34.04%,"1,627","15,768,322","1,498,965","17,387,287",148,25,36,0,209,,
Bowa Hotel,,,,,,,,,,,,,,
長榮桂冠酒店(基隆),"1,680","40,146",78.56%,"2,308","92,643,720","46,390,070","172,565,482",335,245,163,92,835,,
Evergreen Laurel Hotel (Keelung),,,,,,,,,,,,,,
鈺通大飯店,"1,404","28,085",65.77%,"2,163","60,756,019","43,077,510","107,029,227",334,474,98,60,966,,
Yuh-Tong Hotel,,,,,,,,,,,,,,
總計,"42,652","826,250",63.68%,"3,338","2,757,626,347","2,623,042,235","6,049,977,590","11,148","16,558","6,428","4,326","38,460",,
Total,,,,,,,,,,,,,,
,,,,,,,,,,,,,,
,,,,,,,,,,,,,,
 ,,,,,,,,,,,,,,
列印日期：,,2015/3/9,,資料期間：,,2014年1月至2014年12月(Data for 2014/1∼2014/12),,,,,,,,
,,住客類別統計,,,各地區旅客人數統計,,,,,,,,,
,,No. of Guests by Type,,,No. of Guests by Country / Region,,,,,,,,,
地區名稱,,FIT類別,GROUP類別,類別合計,本國,大陸,華僑,北美,日本,亞洲,歐洲,澳洲,其他,合計
Region,,FIT,GROUP,Total,Domestic,China,Chinese Overseas,North American,Japan,Asia(Excluding Jap.),Europe,Austrlia,Other,Total
臺北地區 Taipei,國際Internation,"2,235,622","1,321,236","3,556,858","459,279","677,775","40,479","333,708","1,114,178","545,040","157,557","41,714","76,677","3,446,407"
臺北地區 Taipei,一般Standard,"706,282","393,308","1,099,590","144,895","266,630","12,935","42,352","345,472","155,301","31,908","10,534","30,553","1,040,580"
臺北地區 Taipei,小計SubTotal,"2,941,904","1,714,544","4,656,448","604,174","944,405","53,414","376,060","1,459,650","700,341","189,465","52,248","107,230","4,486,987"
高雄地區 Kaohsiung,國際Internation,"647,722","608,602","1,256,324","549,368","258,186","11,937","42,529","193,953","100,260","37,070","7,085","30,942","1,231,330"
高雄地區 Kaohsiung,一般Standard,"42,779","63,236","106,015","59,228","32,709",0,924,"2,103","5,985","1,737",196,660,"103,542"
高雄地區 Kaohsiung,小計SubTotal,"690,501","671,838","1,362,339","608,596","290,895","11,937","43,453","196,056","106,245","38,807","7,281","31,602","1,334,872"
臺中地區 Taichung,國際Internation,"252,964","201,142","454,106","174,219","95,658","28,953","19,326","67,681","31,955","18,584","2,996","5,210","444,582"
臺中地區 Taichung,一般Standard,"86,822","45,290","132,112","74,519","29,748",356,"5,298","5,297","7,308","6,700",609,594,"130,429"
臺中地區 Taichung,小計SubTotal,"339,786","246,432","586,218","248,738","125,406","29,309","24,624","72,978","39,263","25,284","3,605","5,804","575,011"
花蓮地區 Hualien,國際Internation,"353,442","415,980","769,422","497,833","167,845","5,970","2,104","68,875","21,766","2,291",786,"1,021","768,491"
花蓮地區 Hualien,小計SubTotal,"353,442","415,980","769,422","497,833","167,845","5,970","2,104","68,875","21,766","2,291",786,"1,021","768,491"
風景區 Scenic Area,國際Internation,"806,151","576,830","1,382,981","1,117,501","135,225","1,141","18,133","25,884","44,513","10,216","1,652","17,957","1,372,222"
風景區 Scenic Area,一般Standard,"69,429","137,029","206,458","120,683","79,387",0,774,"1,638","2,737",855,138,31,"206,243"
風景區 Scenic Area,小計SubTotal,"875,580","713,859","1,589,439","1,238,184","214,612","1,141","18,907","27,522","47,250","11,071","1,790","17,988","1,578,465"
桃竹苗地區 TauHsiuMiao,國際Internation,"396,200","404,144","800,344","238,019","144,577","7,728","89,067","45,225","137,648","34,038","3,343","74,218","773,863"
桃竹苗地區 TauHsiuMiao,一般Standard,"197,895","204,984","402,879","101,969","102,369","2,916","20,849","31,118","52,186","16,372","2,144","66,557","396,480"
桃竹苗地區 TauHsiuMiao,小計SubTotal,"594,095","609,128","1,203,223","339,988","246,946","10,644","109,916","76,343","189,834","50,410","5,487","140,775","1,170,343"
其他地區 Other,國際Internation,"751,426","726,263","1,477,689","1,038,062","229,689",0,"38,988","53,623","68,603","23,836","3,274","9,876","1,465,951"
其他地區 Other,一般Standard,"139,327","206,594","345,921","163,215","118,374","3,930","11,488","8,116","23,469","4,223","1,169","7,259","341,243"
其他地區 Other,小計SubTotal,"890,753","932,857","1,823,610","1,201,277","348,063","3,930","50,476","61,739","92,072","28,059","4,443","17,135","1,807,194"
,總計 Total,"6,686,061","5,304,638","11,990,699","4,738,790","2,338,172","116,345","625,540","1,963,163","1,196,771","345,387","75,640","321,555","11,721,363"
,,,,,,,,,,,,,,
,住客類別統計,,,各地區旅客人數統計,,,,,,,,,,
,No. of Guests by Type,,,No. of Guests by Country / Region,,,,,,,,,,
類別,FIT類別,GROUP類別,類別合計,本國,大陸,華僑,北美,日本,亞洲,歐洲,澳洲,其他,合計,
Kind,FIT,GROUP,Total,Domestic,China,Chinese Overseas,North American,Japan,Asia(Excluding Jap.),Europe,Austrlia,Other,Total,
國際Internation,"5,443,527","4,254,197","9,697,724","4,074,281","1,708,955","96,208","543,855","1,569,419","949,785","283,592","60,850","215,901","9,502,846",
一般Standard,"1,242,534","1,050,441","2,292,975","664,509","629,217","20,137","81,685","393,744","246,986","61,795","14,790","105,654","2,218,517",
小計SubTotal,"6,686,061","5,304,638","11,990,699","4,738,790","2,338,172","116,345","625,540","1,963,163","1,196,771","345,387","75,640","321,555","11,721,363",
,,,,,,,,,,,,,,
 ,,,,,,,,,,,,,,
列印日期：,2015/3/9,臺北地區 Taipei,,資料期間：,,2014年1月至2014年12月(Data for 2014/1∼2014/12),,,,,,,,
,住客類別統計,,,各地區旅客人數統計,,,,,,,,,,
,No. of Guests by Type,,,No. of Guests by Country / Region,,,,,,,,,,
旅館名稱,FIT類別,GROUP類別,類別合計,本國,大陸,華僑,北美,日本,亞洲,歐洲,澳洲,其他,合計,
Hotel Name,FIT,GROUP,Total,Domestic,China,Chinese Overseas,North American,Japan,Asia(Excluding Jap.),Europe,Austrlia,Other,Total,
圓山大飯店,"44,953","100,484","145,437","27,306","62,419",0,"6,483","33,303","8,235","3,843",965,"1,344","143,898",
The Grand Hotel,,,,,,,,,,,,,,
國賓大飯店,"88,960","97,243","186,203","9,129","21,506","6,646","5,570","114,090","10,519","4,552","1,286","9,131","182,429",
The Ambassador Hotel,,,,,,,,,,,,,,
台北華國大飯店,"66,670","85,642","152,312","7,991","12,104",0,"14,156","83,016","5,398","24,808",819,"1,714","150,006",
Imperial Hotel Taipei,,,,,,,,,,,,,,
華泰王子大飯店,"26,601","18,477","45,078","2,262","8,148","2,012",280,"29,301","1,081",273,71,168,"43,596",
Gloria Prince Hotel,,,,,,,,,,,,,,
國王大飯店,"8,898","20,770","29,668",964,"4,529",0,111,"22,778",325,116,27,603,"29,453",
Emperor Hotel,,,,,,,,,,,,,,
豪景大酒店,"31,473","108,892","140,365","4,545","34,733","22,320","2,208","30,996","20,047","1,623",896,"10,679","128,047",
Hotel Riverview Taipei,,,,,,,,,,,,,,
台北凱撒大飯店,"287,624","38,490","326,114","34,133","45,571",0,"7,312","122,305","107,616","5,574","2,777",826,"326,114",
Caesar Park Hotel Taipei,,,,,,,,,,,,,,
康華大飯店,"37,370","73,403","110,773","10,342","18,507",0,"2,602","54,046","15,076","2,329",663,"4,055","107,620",
Golden China Hotel,,,,,,,,,,,,,,
神旺大飯店,"124,830","23,115","147,945","26,328","51,286",0,"11,572","22,112","29,682","4,707","1,787",471,"147,945",
San Want Hotel,,,,,,,,,,,,,,
兄弟大飯店,"44,062","56,399","100,461","13,909","27,288",0,"3,142","26,361","12,114","2,436",409,"13,145","98,804",
Brother Hotel,,,,,,,,,,,,,,
三德大飯店,"15,482","146,602","162,084","5,152","38,875","4,796","1,503","98,518","9,809",960,901,669,"161,183",
Santos Hotel,,,,,,,,,,,,,,
亞都麗緻大飯店,"87,841","12,578","100,419","26,827","12,578","4,705","9,038","26,576","7,503","7,246","1,411",459,"96,343",
The Landis Taipei Hotel,,,,,,,,,,,,,,
國聯大飯店,"56,408","46,089","102,497","37,987","28,386",0,"4,617","13,855","8,852","4,572","1,218",540,"100,027",
United Hotel,,,,,,,,,,,,,,
台北寒舍喜來登大飯店,"162,614","105,946","268,560","27,322","49,026",0,"36,415","77,305","40,084","11,859","3,849","10,091","255,951",
Sheraton Taipei Hotel,,,,,,,,,,,,,,
老爺大酒店,"97,840","6,341","104,181","4,853","5,448",0,"1,873","79,202","6,542","1,213",564,"3,680","103,375",
Hotel Royal Taipei,,,,,,,,,,,,,,
福華大飯店,"219,599","39,579","259,178","47,978","48,303",0,"39,637","46,987","37,000","19,806","6,168","5,550","251,429",
Howard Plaza Hotel,,,,,,,,,,,,,,
台北君悅酒店,"164,540","72,622","237,162","28,938","47,490",0,"59,208","18,294","42,373","16,644","4,379","2,988","220,314",
Grand Hyatt Taipei,,,,,,,,,,,,,,
晶華酒店,"187,584","58,682","246,266","49,836","25,028",0,"21,913","99,066","28,007","10,628","2,457","1,328","238,263",
The Regent Taipei,,,,,,,,,,,,,,
西華大飯店,"72,661","52,604","125,265","20,872","18,078",0,"16,968","33,520","18,437","7,360","1,161","1,462","117,858",
The Sherwood Hotel Taipei,,,,,,,,,,,,,,
遠東國際大飯店,"77,088","33,039","110,127","11,185","23,559",0,"22,642","7,061","25,174","7,646","1,817","2,285","101,369",
Far Eastern Plaza Hotel (Taipei),,,,,,,,,,,,,,
台北威斯汀六福皇宮,"76,711","29,195","105,906","11,241","20,199",0,"19,578","20,322","19,337","4,270","1,763","1,233","97,943",
The Westin Taipei,,,,,,,,,,,,,,
美麗信花園酒店,"44,314","62,205","106,519","18,352","18,771",0,"4,646","46,602","9,986","3,343","1,696",68,"103,464",
Miramar Garden Taipei,,,,,,,,,,,,,,
台北寒舍艾美酒店,"59,187","6,239","65,426","12,377","14,417",0,"10,993","1,851","17,232","3,215","1,293",686,"62,064",
Le Meridien Taipei Hotel,,,,,,,,,,,,,,
台北W飯店,"152,312","26,600","178,912","19,450","41,526",0,"31,241","6,711","64,611","8,534","3,337","3,502","178,912",
W Taipei,,,,,,,,,,,,,,
亞士都飯店,"13,223","5,666","18,889","4,416","1,476",298,565,"9,236","1,493",332,100,182,"18,098",
Astar Hotel,,,,,,,,,,,,,,
第一大飯店,"4,355","112,893","117,248","10,353","48,494","7,929","3,032","30,741","5,785",517,239,"7,492","114,582",
First Hotel,,,,,,,,,,,,,,
六福客棧,"58,063","67,502","125,565","8,719","36,586",0,465,"72,372","4,820",106,96,"1,497","124,661",
The Leofoo Hotel,,,,,,,,,,,,,,
帝后大飯店,"6,778","16,800","23,578","2,044","1,558",376,698,"16,686",983,618,149,228,"23,340",
Empress Hotel,,,,,,,,,,,,,,
華華大飯店,"10,760","15,108","25,868","1,933","5,144","3,582",598,"7,032","1,305",97,79,"6,098","25,868",
Hotel Flowers,,,,,,,,,,,,,,
歐華酒店,"50,761",0,"50,761","2,440","5,893",0,"3,930","23,747","6,383","4,554",959,324,"48,230",
The Riviera Hotel,,,,,,,,,,,,,,
慶泰大飯店,"13,897","32,676","46,573","3,408","5,641",736,0,"31,990",300,"2,019",0,"2,189","46,283",
Gala Hotel,,,,,,,,,,,,,,
天成大飯店,"151,019","6,840","157,859","8,300","18,250",0,"6,235","39,666","57,647","3,783","2,699","1,210","137,790",
Cosmos Hotel,,,,,,,,,,,,,,
福容大飯店 台北,"15,236","15,405","30,641","5,244","12,469",0,"1,496","4,859","2,939","1,170",247,"1,455","29,879",
The Fullon Hotel Taipei,,,,,,,,,,,,,,
首都大飯店,"55,815",0,"55,815","15,915","14,356",14,"2,624","13,967","4,882","1,683",410,477,"54,328",
Capital Hotel,,,,,,,,,,,,,,
台北君品大酒店,"120,752","27,864","148,616","17,543","39,677",0,"9,818","32,760","22,271","6,719","2,446","6,097","137,331",
Palais De Chine Hotel Taipei,,,,,,,,,,,,,,
台北花園大酒店,"84,320","63,915","148,235","9,214","43,270",0,"4,041","51,193","27,189","4,069",770,868,"140,614",
Taipei Garden Hotel,,,,,,,,,,,,,,
日勝生加賀屋國際溫泉飯店,"33,954","2,125","36,079","23,541","5,899",0,477,"4,101",440,105,103,29,"34,695",
Radium-Kagaya,,,,,,,,,,,,,,
北投麗禧溫泉酒店,"23,227","7,537","30,764","14,941","9,009",0,"1,007","1,494","1,491",500,299,299,"29,040",
Grand View Resort,,,,,,,,,,,,,,
寒舍艾麗酒店,"64,122","18,977","83,099","16,884","18,908",0,"7,366","5,628","17,373","5,636","1,938","2,108","75,841",
Humble House Hotel Taipei,,,,,,,,,,,,,,
總計,"2,941,904","1,714,544","4,656,448","604,174","944,405","53,414","376,060","1,459,650","700,341","189,465","52,248","107,230","4,486,987",
Total,,,,,,,,,,,,,,
,,,,,,,,,,,,,,
 ,,,,,,,,,,,,,,
列印日期：,2015/3/9,高雄地區 Kaohsiung,,資料期間：,,2014年1月至2014年12月(Data for 2014/1∼2014/12),,,,,,,,
,住客類別統計,,,各地區旅客人數統計,,,,,,,,,,
,No. of Guests by Type,,,No. of Guests by Country / Region,,,,,,,,,,
旅館名稱,FIT類別,GROUP類別,類別合計,本國,大陸,華僑,北美,日本,亞洲,歐洲,澳洲,其他,合計,
Hotel Name,FIT,GROUP,Total,Domestic,China,Chinese Overseas,North American,Japan,Asia(Excluding Jap.),Europe,Austrlia,Other,Total,
華王大飯店,"47,091","50,106","97,197","44,979","18,178",0,"1,539","18,360","8,020","2,559",187,144,"93,966",
Hotel Kingdom,,,,,,,,,,,,,,
華園大飯店,"32,126","80,125","112,251","56,835","35,819",644,948,"4,436","10,420",595,144,0,"109,841",
Hotel Holiday Garden Kaohsiung,,,,,,,,,,,,,,
高雄國賓大飯店,"89,791","109,809","199,600","75,981","50,231",0,"5,200","46,175","10,571","3,692",853,"3,632","196,335",
The Ambassador Hotel Kaohsiung,,,,,,,,,,,,,,
漢來大飯店,"153,350","54,199","207,549","80,221","30,231","11,182","20,968","21,475","7,454","14,226","3,156","18,636","207,549",
Grand Hi-Lai Hotel,,,,,,,,,,,,,,
高雄福華大飯店,"104,162","57,849","162,011","59,122","21,910",0,"4,341","45,311","18,338","4,510",865,"3,919","158,316",
Howard Plaza Hotel Kaohsiung,,,,,,,,,,,,,,
君鴻國際酒店,"82,351","153,161","235,512","113,215","52,850",0,"6,090","15,130","28,153","6,825","1,225","3,539","227,027",
85 SKY TOWER HOTEL,,,,,,,,,,,,,,
寒軒國際大飯店,"88,746","64,866","153,612","75,238","32,224",0,"2,151","29,766","7,898","3,304",493,513,"151,587",
Han-Hsien lnternational Hotel,,,,,,,,,,,,,,
麗尊大酒店,"50,105","38,487","88,592","43,777","16,743",111,"1,292","13,300","9,406","1,359",162,559,"86,709",
The Lees Hotel,,,,,,,,,,,,,,
福容大飯店 高雄,"42,779","63,236","106,015","59,228","32,709",0,924,"2,103","5,985","1,737",196,660,"103,542",
Fullon Hotel Kaohsiung,,,,,,,,,,,,,,
總計,"690,501","671,838","1,362,339","608,596","290,895","11,937","43,453","196,056","106,245","38,807","7,281","31,602","1,334,872",
Total,,,,,,,,,,,,,,
,,,,,,,,,,,,,,
 ,,,,,,,,,,,,,,
列印日期：,2015/3/9,臺中地區 Taichung,,資料期間：,,2014年1月至2014年12月(Data for 2014/1∼2014/12),,,,,,,,
,住客類別統計,,,各地區旅客人數統計,,,,,,,,,,
,No. of Guests by Type,,,No. of Guests by Country / Region,,,,,,,,,,
旅館名稱,FIT類別,GROUP類別,類別合計,本國,大陸,華僑,北美,日本,亞洲,歐洲,澳洲,其他,合計,
Hotel Name,FIT,GROUP,Total,Domestic,China,Chinese Overseas,North American,Japan,Asia(Excluding Jap.),Europe,Austrlia,Other,Total,
全國大飯店,"41,348","26,884","68,232","26,609","10,860",480,"2,606","16,239","4,941","1,936",940,"1,479","66,090",
Hotel National,,,,,,,,,,,,,,
通豪大飯店,"17,029","79,214","96,243","4,331","45,369","28,473",629,"12,698","3,986",78,84,4,"95,652",
Plaza International Hotel,,,,,,,,,,,,,,
長榮桂冠酒店(台中),"65,704","34,053","99,757","44,366","12,867",0,"8,797","13,982","6,636","8,411",859,"2,328","98,246",
Evergreen Laurel Hotel (Taichung),,,,,,,,,,,,,,
台中福華大飯店,"52,315","26,968","79,283","34,963","9,377",0,"3,185","15,293","10,616","3,032",311,102,"76,879",
Howard Prince Hotel Taichung,,,,,,,,,,,,,,
台中金典酒店,"76,568","34,023","110,591","63,950","17,185",0,"4,109","9,469","5,776","5,127",802,"1,297","107,715",
The Splendor Hotel,,,,,,,,,,,,,,
裕元花園酒店,"52,812","8,184","60,996","37,021","5,166",42,"4,782","2,989","4,449","4,521",498,320,"59,788",
Windsor Hotel,,,,,,,,,,,,,,
台中港酒店,"34,010","37,106","71,116","37,498","24,582",314,516,"2,308","2,859","2,179",111,274,"70,641",
Taichung Harbor Hotel,,,,,,,,,,,,,,
總計,"339,786","246,432","586,218","248,738","125,406","29,309","24,624","72,978","39,263","25,284","3,605","5,804","575,011",
Total,,,,,,,,,,,,,,
,,,,,,,,,,,,,,
 ,,,,,,,,,,,,,,
列印日期：,2015/3/9,花蓮地區 Hualien,,資料期間：,,2014年1月至2014年12月(Data for 2014/1∼2014/12),,,,,,,,
,住客類別統計,,,各地區旅客人數統計,,,,,,,,,,
,No. of Guests by Type,,,No. of Guests by Country / Region,,,,,,,,,,
旅館名稱,FIT類別,GROUP類別,類別合計,本國,大陸,華僑,北美,日本,亞洲,歐洲,澳洲,其他,合計,
Hotel Name,FIT,GROUP,Total,Domestic,China,Chinese Overseas,North American,Japan,Asia(Excluding Jap.),Europe,Austrlia,Other,Total,
花蓮亞士都飯店,"15,239","81,248","96,487","27,340","63,115",399,474,"4,357",137,591,0,0,"96,413",
Astar Hotel,,,,,,,,,,,,,,
統帥大飯店,"64,605","79,121","143,726","82,315","31,192","5,179",26,"21,789","2,371",714,24,0,"143,610",
Marshal Hotel,,,,,,,,,,,,,,
花蓮翰品酒店,"44,208","58,416","102,624","65,026","16,863",0,469,"10,403","7,566",510,452,729,"102,018",
Hualien Chateau de Chine Hotel,,,,,,,,,,,,,,
美侖大飯店,"97,414","122,214","219,628","124,496","50,682",392,632,"32,136","10,678",329,227,56,"219,628",
Parkview Hotel,,,,,,,,,,,,,,
遠雄悅來大飯店,"131,976","74,981","206,957","198,656","5,993",0,503,190,"1,014",147,83,236,"206,822",
"Farglory Hotel, Hualien",,,,,,,,,,,,,,
總計,"353,442","415,980","769,422","497,833","167,845","5,970","2,104","68,875","21,766","2,291",786,"1,021","768,491",
Total,,,,,,,,,,,,,,
,,,,,,,,,,,,,,
 ,,,,,,,,,,,,,,
列印日期：,2015/3/9,風景區 Scenic Area,,資料期間：,,2014年1月至2014年12月(Data for 2014/1∼2014/12),,,,,,,,
,住客類別統計,,,各地區旅客人數統計,,,,,,,,,,
,No. of Guests by Type,,,No. of Guests by Country / Region,,,,,,,,,,
旅館名稱,FIT類別,GROUP類別,類別合計,本國,大陸,華僑,北美,日本,亞洲,歐洲,澳洲,其他,合計,
Hotel Name,FIT,GROUP,Total,Domestic,China,Chinese Overseas,North American,Japan,Asia(Excluding Jap.),Europe,Austrlia,Other,Total,
陽明山中國麗緻大飯店,"13,189","4,239","17,428","13,029",694,"1,061",305,318,"1,484",187,100,250,"17,428",
Hotel Landis China Yangmingshan,,,,,,,,,,,,,,
曾文.山芙蓉渡假大酒店,"14,805","50,343","65,148","52,051","12,334",80,45,0,638,0,0,0,"65,148",
The Hibiscus Resort,,,,,,,,,,,,,,
高雄圓山大飯店,"10,565","44,932","55,497","16,494","27,500",0,407,"9,516",857,301,49,139,"55,263",
Grand Hotel Kaohsiung,,,,,,,,,,,,,,
礁溪老爺大酒店,"102,135","41,633","143,768","128,087","9,808",0,"1,722","1,956","1,490",372,221,8,"143,664",
Hotel Royal Chiao-His,,,,,,,,,,,,,,
長榮鳳凰酒店(礁溪),"88,056","57,766","145,822","127,792","4,299",0,"1,321","1,183","7,076",275,81,165,"142,192",
Evergreen Resort Hotel(Jiaosi),,,,,,,,,,,,,,
涵碧樓大飯店,"50,497","8,992","59,489","45,814","1,887",0,"3,324","4,091","2,086","1,085",300,35,"58,622",
The Lalu Sun Moon Lake,,,,,,,,,,,,,,
雲品溫泉酒店日月潭,"67,366","67,143","134,509","102,356","11,993",0,"3,139","3,193","5,918",376,0,"3,343","130,318",
Fleur De Chine Hotel,,,,,,,,,,,,,,
日月行館,"22,630","10,485","33,115","30,977","1,470",0,178,128,171,53,31,37,"33,045",
Wen Wan Hotel & Resorts,,,,,,,,,,,,,,
凱撒大飯店,"171,365","54,295","225,660","196,593","14,009",0,"1,534","1,084","8,766","1,852",173,5,"224,016",
Caesar Park Hotel Kenting,,,,,,,,,,,,,,
墾丁福華渡假飯店,"136,928","155,835","292,763","235,706","38,500",0,"2,636","1,715","11,963","1,233",358,652,"292,763",
Howard Beach Resort Kenting,,,,,,,,,,,,,,
東方渡假酒店,"8,733","7,729","16,462","15,031","1,294",0,7,37,17,37,6,14,"16,443",
Dong Fang Du Jia Jiudian Hotel,,,,,,,,,,,,,,
知本老爺大酒店,"73,424","45,456","118,880","98,067","5,779",0,0,"1,858",0,0,0,"13,176","118,880",
Hotel Royal Chihpen Spa,,,,,,,,,,,,,,
太魯閣晶英酒店,"46,458","27,982","74,440","55,504","5,658",0,"3,515",805,"4,047","4,445",333,133,"74,440",
"Silks Place Hotel, Taroko",,,,,,,,,,,,,,
龍谷大飯店,"12,968","34,202","47,170","46,223",796,0,0,36,86,14,0,0,"47,155",
Dragon Valley Hotel,,,,,,,,,,,,,,
水沙蓮觀光大飯店,"1,551","2,483","4,034","2,106","1,894",0,3,0,24,7,0,0,"4,034",
El Dorado Hotel,,,,,,,,,,,,,,
阿里山賓館,"11,691","3,221","14,912","9,733","3,856",0,182,443,494,170,27,7,"14,912",
Alishan House,,,,,,,,,,,,,,
名都觀光渡假大飯店,"3,122","34,852","37,974","8,201","29,773",0,0,0,0,0,0,0,"37,974",
Beau Max Resort Hotel,,,,,,,,,,,,,,
朝麗阿里山賓館,"29,871","21,102","50,973","36,098","10,197",0,589,"1,157","2,133",664,111,24,"50,973",
Alishan House,,,,,,,,,,,,,,
南台灣觀光大飯店,"10,226","41,169","51,395","18,322","32,871",0,0,2,0,0,0,0,"51,195",
South Formosa Hotel,,,,,,,,,,,,,,
總計,"875,580","713,859","1,589,439","1,238,184","214,612","1,141","18,907","27,522","47,250","11,071","1,790","17,988","1,578,465",
Total,,,,,,,,,,,,,,
,,,,,,,,,,,,,,
 ,,,,,,,,,,,,,,
列印日期：,2015/3/9,桃竹苗地區 TauHsiuMiao,,資料期間：,,2014年1月至2014年12月(Data for 2014/1∼2014/12),,,,,,,,
,住客類別統計,,,各地區旅客人數統計,,,,,,,,,,
,No. of Guests by Type,,,No. of Guests by Country / Region,,,,,,,,,,
旅館名稱,FIT類別,GROUP類別,類別合計,本國,大陸,華僑,北美,日本,亞洲,歐洲,澳洲,其他,合計,
Hotel Name,FIT,GROUP,Total,Domestic,China,Chinese Overseas,North American,Japan,Asia(Excluding Jap.),Europe,Austrlia,Other,Total,
桃園大飯店,"23,651","140,809","164,460","15,462","86,175","2,127",920,"1,555","11,986",379,99,"45,657","164,360",
Taoyuan Hotel,,,,,,,,,,,,,,
尊爵天際大飯店,"27,474","103,729","131,203","6,370","22,223","4,118","3,590","2,472","59,446","3,857",378,"9,516","111,970",
Ｍonarch-Skyline Hotel,,,,,,,,,,,,,,
南方莊園,"21,593","36,266","57,859","32,273","9,607","1,483",121,546,492,155,4,"13,097","57,778",
South Gardens Resort,,,,,,,,,,,,,,
台北諾富特華航桃園機場飯店,"92,828","69,888","162,716","49,887","8,267",0,"24,355","24,830","41,243","10,478","2,096",866,"162,022",
Novotel Taipei Taoyuan International Airport,,,,,,,,,,,,,,
新竹喜來登大飯店,"102,457","25,905","128,362","53,913","6,191",0,"37,955","3,925","12,463","7,027",364,"2,982","124,820",
Sheraton Hsinchu Hotel,,,,,,,,,,,,,,
新竹老爺大酒店,"55,275","16,678","71,953","31,856","7,675",0,"10,436","7,594","6,080","4,885",230,"1,797","70,553",
Hotel Royal Hsinchu,,,,,,,,,,,,,,
新竹國賓大飯店,"72,922","10,869","83,791","48,258","4,439",0,"11,690","4,303","5,938","7,257",172,303,"82,360",
The Ambassador Hotel Hsinchu,,,,,,,,,,,,,,
尊爵大飯店,"22,624","47,481","70,105","2,982","9,407",509,"2,856","4,412","9,984","2,400",260,"37,256","70,066",
Monarch Plaza Hotel,,,,,,,,,,,,,,
古華花園飯店,"71,751","30,213","101,964","28,370","21,920","2,357","7,278","8,733","15,517","3,577","1,265","10,921","99,938",
Hotel Kuva Chateau,,,,,,,,,,,,,,
福容大飯店 桃園,"29,742","48,662","78,404","15,616","25,581",50,"1,918","4,211","9,177","4,436",195,"15,682","76,866",
Fullon Hotel Taoyuan,,,,,,,,,,,,,,
福容大飯店 林口,"42,084","32,185","74,269","14,759","20,955",0,"4,007","11,284","14,775","3,869",280,"2,303","72,232",
Fullon Hotel Linkou,,,,,,,,,,,,,,
豐邑喜來登大飯店,"11,385","2,879","14,264","5,990",687,0,"4,215",438,"1,386",779,38,337,"13,870",
Glory Hotel,,,,,,,,,,,,,,
苗栗兆品酒店,"20,309","43,564","63,873","34,252","23,819",0,575,"2,040","1,347","1,311",106,58,"63,508",
Miaoli Maison De Chine,,,,,,,,,,,,,,
總計,"594,095","609,128","1,203,223","339,988","246,946","10,644","109,916","76,343","189,834","50,410","5,487","140,775","1,170,343",
Total,,,,,,,,,,,,,,
,,,,,,,,,,,,,,
 ,,,,,,,,,,,,,,
列印日期：,2015/3/9,其他地區 Other,,資料期間：,,2014年1月至2014年12月(Data for 2014/1∼2014/12),,,,,,,,
,住客類別統計,,,各地區旅客人數統計,,,,,,,,,,
,No. of Guests by Type,,,No. of Guests by Country / Region,,,,,,,,,,
旅館名稱,FIT類別,GROUP類別,類別合計,本國,大陸,華僑,北美,日本,亞洲,歐洲,澳洲,其他,合計,
Hotel Name,FIT,GROUP,Total,Domestic,China,Chinese Overseas,North American,Japan,Asia(Excluding Jap.),Europe,Austrlia,Other,Total,
福容大飯店 淡水漁人碼頭,"28,537","34,464","63,001","52,673","3,741",0,521,"1,042","2,545",607,14,"1,531","62,674",
Fullon Hotel Danshuei Fiahermen’s Wharf,,,,,,,,,,,,,,
大板根渡假酒店,"35,229","85,248","120,477","107,609","10,565",0,7,0,"1,655",0,0,0,"119,836",
The Great Roots Resort Hotel,,,,,,,,,,,,,,
台南大飯店,"35,678","16,130","51,808","20,610","8,924",0,692,"16,034","3,636",950,96,866,"51,808",
Hotel Tainan,,,,,,,,,,,,,,
大億麗緻酒店,"90,899","47,310","138,209","81,794","5,693",0,"10,278","13,611","16,936","6,943",560,994,"136,809",
Tayih Landis Tainan,,,,,,,,,,,,,,
台糖長榮酒店(台南),"92,789","24,054","116,843","88,286","10,951",0,"2,856","5,524","6,466","2,006",365,142,"116,596",
Evergreen Plaza Hotel(Tainan),,,,,,,,,,,,,,
香格里拉台南遠東國際大飯店,"123,111","24,315","147,426","75,448","16,758",0,"18,493","11,837","8,787","9,564",979,"1,959","143,825",
"Shangri-La’s Far Eastern Plaza Hotel,Tainan",,,,,,,,,,,,,,
義大皇家酒店,"157,096","202,608","359,704","318,449","11,612",0,"2,167","1,399","18,709","1,717",401,946,"355,400",
E-DA Royal Hotel,,,,,,,,,,,,,,
蘭城晶英酒店,"93,672","35,074","128,746","126,180",368,0,401,167,745,274,61,118,"128,314",
Silks Place Yilan,,,,,,,,,,,,,,
娜路彎大酒店,"54,004","189,013","243,017","109,910","123,177",0,"1,104",341,"4,716",739,588,"2,303","242,878",
Formosan Naruwan Hotel & Resort Taitung,,,,,,,,,,,,,,
耐斯王子大飯店,"40,411","68,047","108,458","57,103","37,900",0,"2,469","3,668","4,408","1,036",210,"1,017","107,811",
Nice Prince Hotel,,,,,,,,,,,,,,
帝景飯店,"12,010",442,"12,452","5,932","2,125",0,644,447,"1,398",834,125,215,"11,720",
Dijin Hotel,,,,,,,,,,,,,,
福朋喜來登飯店,"46,629","3,751","50,380","16,981","5,886",0,"9,315","2,876","7,135","2,616",472,"2,663","47,944",
"Four Points By Sheraton Taipei, Zhonghe",,,,,,,,,,,,,,
碧特弗大飯店,"6,593","20,548","27,141","5,619","19,507",316,281,166,253,197,249,351,"26,939",
Beautiful Hotel,,,,,,,,,,,,,,
美麗春天大飯店,"5,098","13,562","18,660","4,018","13,147",234,217,136,204,160,194,200,"18,510",
Beautiful Hotel,,,,,,,,,,,,,,
遠百企業觀光旅館,"1,687",0,"1,687","1,685",2,0,0,0,0,0,0,0,"1,687",
Far Eastem Geant Tourist Hotel,,,,,,,,,,,,,,
幼獅大飯店,"2,020","1,056","3,076","2,937",120,0,0,9,0,0,0,0,"3,066",
Lion Hotel,,,,,,,,,,,,,,
山泉大飯店,"11,441","74,520","85,961","39,566","37,289",38,106,95,"6,869",0,0,888,"84,851",
Sun Spring Resort,,,,,,,,,,,,,,
桂田酒店台東,0,0,0,0,0,0,0,0,0,0,0,0,0,
QUEENAPLAZA HOTEL TAITUNG,,,,,,,,,,,,,,
寶華大飯店,"4,312","8,058","12,370","12,225",68,0,6,13,35,17,0,3,"12,367",
Bowa Hotel,,,,,,,,,,,,,,
長榮桂冠酒店(基隆),"37,898","43,494","81,392","59,192","11,705","3,342",605,"3,038","3,106",323,50,31,"81,392",
Evergreen Laurel Hotel (Keelung),,,,,,,,,,,,,,
鈺通大飯店,"11,639","41,163","52,802","15,060","28,525",0,314,"1,336","4,469",76,79,"2,908","52,767",
Yuh-Tong Hotel,,,,,,,,,,,,,,
總計,"890,753","932,857","1,823,610","1,201,277","348,063","3,930","50,476","61,739","92,072","28,059","4,443","17,135","1,807,194",
Total,,,,,,,,,,,,,,
